,nameFirst,nameLast,age,yearID,teamID,salary
0,Pete,Rose,44.0,1985,CIN,358858
2,Carlton,Fisk,38.0,1985,CHA,685000
16,Carlton,Fisk,44.0,1991,CHA,1250000
18,Nolan,Ryan,38.0,1985,HOU,1350000
31,Nolan,Ryan,42.0,1989,TEX,1800000
36,Bert,Blyleven,34.0,1985,CLE,650000
44,Steve,Garvey,37.0,1985,SDN,975000
48,Mike,Schmidt,37.0,1986,PHI,2136666
53,Mike,Schmidt,38.0,1987,PHI,2127333
59,Graig,Nettles,41.0,1985,SDN,900000
63,Rich,Gossage,34.0,1985,SDN,1713333
70,Gary,Carter,31.0,1985,NYN,2028571
79,Gary,Carter,32.0,1986,NYN,2160714
88,Gary,Carter,33.0,1987,NYN,2060714
97,Gary,Carter,34.0,1988,NYN,2160714
102,George,Brett,32.0,1985,KCA,1000000
112,George,Brett,33.0,1986,KCA,1471429
122,George,Brett,34.0,1987,KCA,2055000
132,George,Brett,35.0,1988,KCA,2305000
140,Willie,Randolph,33.0,1987,NYA,900000
150,Willie,Randolph,35.0,1989,LAN,875000
155,Rick,Rhoden,33.0,1986,PIT,620000
162,Dennis,Eckersley,34.0,1988,OAK,650000
179,Dennis,Eckersley,36.0,1990,OAK,787500
195,Dennis,Eckersley,37.0,1991,OAK,3000000
211,Dennis,Eckersley,38.0,1992,OAK,3150000
219,Jim,Rice,32.0,1985,BOS,779227
225,Jim,Rice,33.0,1986,BOS,1984423
229,Dave,Parker,34.0,1985,CIN,970000
237,Dave,Parker,35.0,1986,CIN,1100000
248,Dave,Parker,39.0,1990,ML4,1200000
250,Joaquin,Andujar,33.0,1985,SLN,1030000
256,Rick,Reuschel,38.0,1987,PIT,750000
264,Rick,Reuschel,40.0,1989,SFN,1175000
266,Garry,Templeton,29.0,1985,SDN,1137000
273,Dave,Winfield,34.0,1985,NYA,1795704
285,Dave,Winfield,35.0,1986,NYA,1886714
297,Dave,Winfield,36.0,1987,NYA,1911714
309,Dave,Winfield,37.0,1988,NYA,1958652
319,Dwight,Evans,36.0,1987,BOS,1070000
324,Eddie,Murray,29.0,1985,BAL,1472819
338,Eddie,Murray,30.0,1986,BAL,925814
356,Eddie,Murray,35.0,1991,LAN,2628164
363,Frank,White,36.0,1986,KCA,485000
368,Jack,Clark,30.0,1985,SLN,1555000
379,Jack,Clark,32.0,1987,SLN,1300000
386,Cecil,Cooper,36.0,1985,ML4,1176190
390,Keith,Hernandez,33.0,1986,NYN,1650000
398,Keith,Hernandez,34.0,1987,NYN,1800000
406,Rickey,Henderson,27.0,1985,NYA,1470000
425,Rickey,Henderson,28.0,1986,NYA,1570000
444,Rickey,Henderson,29.0,1987,NYA,1670000
463,Rickey,Henderson,30.0,1988,NYA,1770000
483,Rickey,Henderson,32.0,1990,OAK,2350000
502,Rickey,Henderson,33.0,1991,OAK,3250000
514,Paul,Molitor,29.0,1985,ML4,950000
531,Paul,Molitor,32.0,1988,ML4,1400000
548,Paul,Molitor,35.0,1991,ML4,3243333
563,Paul,Molitor,36.0,1992,ML4,3453333
578,Paul,Molitor,37.0,1993,TOR,3650000
593,Paul,Molitor,38.0,1994,TOR,4025000
598,Lance,Parrish,29.0,1985,DET,766667
610,Lance,Parrish,30.0,1986,DET,850000
623,Lance,Parrish,32.0,1988,PHI,1000000
636,Lance,Parrish,34.0,1990,CAL,1916667
642,Dave,Stieb,28.0,1985,TOR,1000000
655,Dave,Stieb,31.0,1988,TOR,1000000
667,Dave,Stieb,33.0,1990,TOR,1750000
672,Alan,Trammell,27.0,1985,DET,517143
686,Alan,Trammell,29.0,1987,DET,617143
699,Alan,Trammell,30.0,1988,DET,1000000
713,Alan,Trammell,32.0,1990,DET,1800000
720,Jose,Cruz,38.0,1985,HOU,796383
724,Dale,Murphy,29.0,1985,ATL,1625000
734,Dale,Murphy,30.0,1986,ATL,1825000
744,Dale,Murphy,31.0,1987,ATL,1925000
756,Bob,Welch,34.0,1990,OAK,1133334
761,Jack,Morris,30.0,1985,DET,885000
774,Jack,Morris,32.0,1987,DET,1850000
789,Jack,Morris,36.0,1991,MIN,3700000
796,Bo,Diaz,34.0,1987,CIN,825000
799,Fernando,Valenzuela,25.0,1985,LAN,1200000
812,Fernando,Valenzuela,26.0,1986,LAN,1600000
825,Andre,Dawson,33.0,1987,CHN,700000
838,Andre,Dawson,34.0,1988,CHN,1850000
851,Andre,Dawson,35.0,1989,CHN,2100000
864,Andre,Dawson,36.0,1990,CHN,2100000
877,Andre,Dawson,37.0,1991,CHN,3325000
883,Pedro,Guerrero,29.0,1985,LAN,1270000
893,Pedro,Guerrero,31.0,1987,LAN,1520000
903,Pedro,Guerrero,33.0,1989,SLN,1833333
907,Terry,Kennedy,29.0,1985,SDN,870000
917,Terry,Kennedy,31.0,1987,BAL,1020000
926,Bob,Knepper,34.0,1988,HOU,1000000
928,Tim,Raines,26.0,1985,MON,1200000
946,Tim,Raines,27.0,1986,MON,1515000
964,Tim,Raines,28.0,1987,MON,1666333
979,Ozzie,Smith,31.0,1985,SLN,1440000
992,Ozzie,Smith,32.0,1986,SLN,1940000
1005,Ozzie,Smith,33.0,1987,SLN,1940000
1018,Ozzie,Smith,34.0,1988,SLN,2340000
1031,Ozzie,Smith,35.0,1989,SLN,2240000
1044,Ozzie,Smith,36.0,1990,SLN,1975000
1057,Ozzie,Smith,37.0,1991,SLN,2225000
1070,Ozzie,Smith,38.0,1992,SLN,2000000
1084,Ozzie,Smith,40.0,1994,SLN,3000000
1097,Ozzie,Smith,41.0,1995,SLN,3000000
1110,Ozzie,Smith,42.0,1996,SLN,3500000
1111,Tony,Pena,28.0,1985,PIT,1075000
1125,Tony,Pena,29.0,1986,PIT,1225000
1141,Tony,Pena,32.0,1989,SLN,1220000
1151,Steve,Sax,26.0,1986,LAN,584624
1164,Steve,Sax,29.0,1989,NYA,1150000
1176,Steve,Sax,30.0,1990,NYA,950000
1183,Cal,Ripken,25.0,1985,BAL,800000
1201,Cal,Ripken,26.0,1986,BAL,1150000
1219,Cal,Ripken,27.0,1987,BAL,1350000
1237,Cal,Ripken,28.0,1988,BAL,1700000
1255,Cal,Ripken,29.0,1989,BAL,2466667
1273,Cal,Ripken,30.0,1990,BAL,1316667
1291,Cal,Ripken,31.0,1991,BAL,2566667
1309,Cal,Ripken,32.0,1992,BAL,2100000
1327,Cal,Ripken,33.0,1993,BAL,5200000
1345,Cal,Ripken,34.0,1994,BAL,5500000
1363,Cal,Ripken,35.0,1995,BAL,6700000
1381,Cal,Ripken,36.0,1996,BAL,6650000
1399,Cal,Ripken,37.0,1997,BAL,6850000
1417,Cal,Ripken,38.0,1998,BAL,6400000
1435,Cal,Ripken,39.0,1999,BAL,6500000
1453,Cal,Ripken,40.0,2000,BAL,6300000
1471,Cal,Ripken,41.0,2001,BAL,6300000
1474,Rick,Sutcliffe,31.0,1987,CHN,1800000
1486,Rick,Sutcliffe,33.0,1989,CHN,2340000
1492,Gary,Ward,32.0,1985,TEX,720000
1498,Lou,Whitaker,28.0,1985,DET,670000
1510,Lou,Whitaker,29.0,1986,DET,670000
1522,Lou,Whitaker,30.0,1987,DET,420000
1531,Willie,McGee,27.0,1985,SLN,475000
1548,Willie,McGee,29.0,1987,SLN,765000
1564,Willie,McGee,30.0,1988,SLN,1200000
1578,Lee,Smith,30.0,1987,CHN,840000
1595,Lee,Smith,34.0,1991,SLN,2791666
1609,Lee,Smith,35.0,1992,SLN,2791667
1623,Lee,Smith,36.0,1993,SLN,2691667
1637,Lee,Smith,37.0,1994,BAL,2025000
1651,Lee,Smith,38.0,1995,CAL,2561113
1654,Damaso,Garcia,28.0,1985,TOR,740000
1660,Willie,Hernandez,31.0,1985,DET,660000
1666,Willie,Hernandez,32.0,1986,DET,960000
1670,Don,Mattingly,24.0,1985,NYA,455000
1682,Don,Mattingly,25.0,1986,NYA,1375000
1694,Don,Mattingly,26.0,1987,NYA,1975000
1706,Don,Mattingly,27.0,1988,NYA,2000000
1718,Don,Mattingly,28.0,1989,NYA,2200000
1725,Ryne,Sandberg,26.0,1985,CHN,505000
1737,Ryne,Sandberg,27.0,1986,CHN,665000
1749,Ryne,Sandberg,28.0,1987,CHN,760000
1761,Ryne,Sandberg,29.0,1988,CHN,840000
1773,Ryne,Sandberg,30.0,1989,CHN,950000
1785,Ryne,Sandberg,31.0,1990,CHN,1550000
1808,Ryne,Sandberg,33.0,1992,CHN,2150000
1820,Ryne,Sandberg,34.0,1993,CHN,5975000
1824,Tony,Gwynn,25.0,1985,SDN,440000
1842,Tony,Gwynn,26.0,1986,SDN,540000
1860,Tony,Gwynn,27.0,1987,SDN,765000
1879,Tony,Gwynn,29.0,1989,SDN,1141667
1897,Tony,Gwynn,30.0,1990,SDN,1066667
1915,Tony,Gwynn,31.0,1991,SDN,2162500
1933,Tony,Gwynn,32.0,1992,SDN,2025000
1951,Tony,Gwynn,33.0,1993,SDN,4333333
1969,Tony,Gwynn,34.0,1994,SDN,3633333
1987,Tony,Gwynn,35.0,1995,SDN,4658334
2005,Tony,Gwynn,36.0,1996,SDN,4300000
2023,Tony,Gwynn,37.0,1997,SDN,4575000
2041,Tony,Gwynn,38.0,1998,SDN,4050000
2059,Tony,Gwynn,39.0,1999,SDN,4400000
2062,Darryl,Strawberry,23.0,1985,NYN,516667
2079,Darryl,Strawberry,24.0,1986,NYN,945000
2096,Darryl,Strawberry,25.0,1987,NYN,1245000
2113,Darryl,Strawberry,26.0,1988,NYN,1320000
2130,Darryl,Strawberry,27.0,1989,NYN,1495000
2147,Darryl,Strawberry,28.0,1990,NYN,1850000
2164,Darryl,Strawberry,29.0,1991,LAN,3800000
2175,Chili,Davis,26.0,1986,SFN,690000
2198,Chili,Davis,34.0,1994,CAL,2900000
2205,Jody,Davis,30.0,1986,CHN,833333
2210,Dwight,Gooden,21.0,1985,NYN,450000
2226,Dwight,Gooden,22.0,1986,NYN,1320000
2243,Dwight,Gooden,24.0,1988,NYN,1400000
2257,Juan,Samuel,27.0,1987,PHI,660000
2275,Juan,Samuel,31.0,1991,LAN,1575000
2283,Tim,Wallach,28.0,1985,MON,565000
2297,Tim,Wallach,30.0,1987,MON,765000
2311,Tim,Wallach,32.0,1989,MON,950000
2324,Tim,Wallach,33.0,1990,MON,1250000
2331,Harold,Baines,26.0,1985,CHA,675000
2349,Harold,Baines,27.0,1986,CHA,775000
2367,Harold,Baines,28.0,1987,CHA,950000
2386,Harold,Baines,30.0,1989,TEX,1204281
2405,Harold,Baines,32.0,1991,OAK,1358333
2430,Harold,Baines,40.0,1999,BAL,1730000
2433,Wade,Boggs,27.0,1985,BOS,1000000
2449,Wade,Boggs,28.0,1986,BOS,1350000
2465,Wade,Boggs,29.0,1987,BOS,1675000
2481,Wade,Boggs,30.0,1988,BOS,1650000
2497,Wade,Boggs,31.0,1989,BOS,1850000
2513,Wade,Boggs,32.0,1990,BOS,1900000
2529,Wade,Boggs,33.0,1991,BOS,2750000
2545,Wade,Boggs,34.0,1992,BOS,2700000
2561,Wade,Boggs,35.0,1993,NYA,2950000
2577,Wade,Boggs,36.0,1994,NYA,3200000
2593,Wade,Boggs,37.0,1995,NYA,4724316
2609,Wade,Boggs,38.0,1996,NYA,2050000
2613,Phil,Bradley,26.0,1985,SEA,125000
2620,Tom,Brunansky,25.0,1985,MIN,425000
2630,Rich,Gedman,26.0,1985,BOS,477500
2638,Rich,Gedman,27.0,1986,BOS,650000
2644,Jay,Howell,30.0,1985,OAK,262500
2656,Jay,Howell,32.0,1987,OAK,530000
2668,Jay,Howell,34.0,1989,LAN,925000
2674,Jimmy,Key,24.0,1985,TOR,131250
2707,Jimmy,Key,32.0,1993,NYA,4900000
2721,Jimmy,Key,33.0,1994,NYA,5350000
2726,Donnie,Moore,31.0,1985,CAL,407500
2730,Dan,Petry,27.0,1985,DET,875000
2736,Ernie,Whitt,33.0,1985,TOR,370000
2742,LaMarr,Hoyt,30.0,1985,SDN,975000
2744,Tom,Herr,29.0,1985,SLN,560000
2751,Ron,Darling,25.0,1985,NYN,230000
2762,Scott,Garrelts,24.0,1985,SFN,85000
2770,Jeff,Reardon,30.0,1985,MON,850000
2780,Jeff,Reardon,31.0,1986,MON,850000
2790,Jeff,Reardon,33.0,1988,MIN,850000
2802,Jeff,Reardon,36.0,1991,BOS,2533333
2806,Ozzie,Virgil,29.0,1985,PHI,350000
2813,Ozzie,Virgil,31.0,1987,ATL,760000
2822,Roger,Clemens,24.0,1986,BOS,340000
2845,Roger,Clemens,26.0,1988,BOS,1350000
2868,Roger,Clemens,28.0,1990,BOS,2600000
2890,Roger,Clemens,29.0,1991,BOS,2700000
2912,Roger,Clemens,30.0,1992,BOS,4705250
2938,Roger,Clemens,35.0,1997,TOR,8400000
2960,Roger,Clemens,36.0,1998,TOR,8550000
2984,Roger,Clemens,39.0,2001,NYA,10300000
3007,Roger,Clemens,41.0,2003,NYA,10100000
3029,Roger,Clemens,42.0,2004,HOU,5000000
3051,Roger,Clemens,43.0,2005,HOU,18000000
3052,Wally,Joyner,24.0,1986,CAL,65000
3069,Kirby,Puckett,26.0,1986,MIN,255000
3083,Kirby,Puckett,27.0,1987,MIN,465000
3097,Kirby,Puckett,28.0,1988,MIN,1090000
3111,Kirby,Puckett,29.0,1989,MIN,2000000
3125,Kirby,Puckett,30.0,1990,MIN,2816667
3139,Kirby,Puckett,31.0,1991,MIN,3166667
3153,Kirby,Puckett,32.0,1992,MIN,2966667
3167,Kirby,Puckett,33.0,1993,MIN,5300000
3181,Kirby,Puckett,34.0,1994,MIN,5300000
3195,Kirby,Puckett,35.0,1995,MIN,6300000
3198,Don,Aase,32.0,1986,BAL,600000
3203,Jesse,Barfield,27.0,1986,TOR,725000
3210,Jose,Canseco,22.0,1986,OAK,75000
3227,Jose,Canseco,24.0,1988,OAK,325000
3243,Jose,Canseco,25.0,1989,OAK,1600000
3259,Jose,Canseco,26.0,1990,OAK,2000000
3276,Jose,Canseco,28.0,1992,OAK,4300000
3298,Jose,Canseco,35.0,1999,TBA,3325000
3301,Tony,Fernandez,24.0,1986,TOR,275000
3318,Tony,Fernandez,25.0,1987,TOR,400000
3336,Tony,Fernandez,27.0,1989,TOR,1400000
3355,Tony,Fernandez,30.0,1992,SDN,2100000
3378,Tony,Fernandez,37.0,1999,TOR,2250000
3381,Teddy,Higuera,29.0,1986,ML4,195000
3390,Charlie,Hough,38.0,1986,TEX,690000
3399,Brook,Jacoby,27.0,1986,CLE,437500
3411,Brook,Jacoby,31.0,1990,CLE,987500
3415,Lloyd,Moseby,27.0,1986,TOR,732500
3422,Jim,Presley,25.0,1986,SEA,192500
3428,Dave,Righetti,28.0,1986,NYA,837500
3441,Dave,Righetti,29.0,1987,NYA,800000
3452,Ken,Schrom,32.0,1986,CLE,275000
3455,Mike,Witt,26.0,1986,CAL,933333
3465,Mike,Witt,27.0,1987,CAL,1133333
3473,Kevin,Bass,27.0,1986,HOU,310000
3484,Hubie,Brooks,30.0,1986,MON,650000
3495,Hubie,Brooks,31.0,1987,MON,765000
3504,Chris,Brown,25.0,1986,SFN,155000
3508,Glenn,Davis,25.0,1986,HOU,120000
3520,Glenn,Davis,28.0,1989,HOU,1085000
3525,Sid,Fernandez,24.0,1986,NYN,200000
3540,Sid,Fernandez,25.0,1987,NYN,308000
3554,John,Franco,26.0,1986,CIN,195000
3576,John,Franco,27.0,1987,CIN,300000
3599,John,Franco,29.0,1989,CIN,1067500
3621,John,Franco,30.0,1990,NYN,1633333
3638,Mike,Krukow,34.0,1986,SFN,745000
3643,Shane,Rawley,31.0,1986,PHI,800000
3649,Mike,Scott,31.0,1986,HOU,666667
3657,Mike,Scott,32.0,1987,HOU,691667
3666,Mike,Scott,34.0,1989,HOU,1300000
3670,Dave,Smith,31.0,1986,HOU,650000
3683,Dave,Smith,35.0,1990,HOU,1100000
3689,Bret,Saberhagen,23.0,1987,KCA,740000
3709,Bret,Saberhagen,26.0,1990,KCA,1400000
3730,Bret,Saberhagen,30.0,1994,NYN,4647249
3740,George,Bell,28.0,1987,TOR,1175000
3752,George,Bell,31.0,1990,TOR,2000000
3762,George,Bell,32.0,1991,CHN,2150000
3767,Tom,Henke,30.0,1987,TOR,331000
3784,Tom,Henke,38.0,1995,SLN,2325000
3787,Bruce,Hurst,29.0,1987,BOS,700000
3813,Mark,Langston,31.0,1991,CAL,3550000
3828,Mark,Langston,32.0,1992,CAL,3550000
3843,Mark,Langston,33.0,1993,CAL,3550000
3851,Mark,McGwire,24.0,1987,OAK,72500
3868,Mark,McGwire,25.0,1988,OAK,250000
3885,Mark,McGwire,26.0,1989,OAK,510500
3902,Mark,McGwire,27.0,1990,OAK,1500000
3919,Mark,McGwire,28.0,1991,OAK,2850000
3936,Mark,McGwire,29.0,1992,OAK,2700000
3955,Mark,McGwire,32.0,1995,OAK,6925000
3972,Mark,McGwire,33.0,1996,OAK,7050000
3989,Mark,McGwire,34.0,1997,OAK,7150000
4006,Mark,McGwire,35.0,1998,SLN,8928354
4023,Mark,McGwire,36.0,1999,SLN,9358667
4040,Mark,McGwire,37.0,2000,SLN,9333333
4042,Matt,Nokes,24.0,1987,DET,68000
4053,Dan,Plesac,25.0,1987,ML4,180000
4072,Dan,Plesac,26.0,1988,ML4,275000
4091,Dan,Plesac,27.0,1989,ML4,765000
4115,Harold,Reynolds,28.0,1988,SEA,200000
4122,Kevin,Seitzer,25.0,1987,KCA,62500
4143,Kevin,Seitzer,33.0,1995,ML4,938890
4148,Pat,Tabler,29.0,1987,CLE,605000
4155,Eric,Davis,25.0,1987,CIN,330000
4172,Eric,Davis,27.0,1989,CIN,1515000
4186,Steve,Bedrosian,30.0,1987,PHI,1050000
4196,Orel,Hershiser,29.0,1987,LAN,800000
4213,Orel,Hershiser,30.0,1988,LAN,1100000
4230,Orel,Hershiser,31.0,1989,LAN,2766667
4244,Jeffrey,Leonard,32.0,1987,SFN,975000
4252,Jeffrey,Leonard,34.0,1989,SEA,1000000
4257,Frank,Viola,28.0,1988,MIN,1350000
4270,Frank,Viola,30.0,1990,NYN,1966667
4282,Frank,Viola,31.0,1991,NYN,3166667
4288,Terry,Steinbach,26.0,1988,OAK,125000
4302,Terry,Steinbach,27.0,1989,OAK,350000
4319,Terry,Steinbach,31.0,1993,OAK,2815000
4329,Doyle,Alexander,38.0,1988,DET,500000
4334,Gary,Gaetti,30.0,1988,MIN,1666666
4354,Gary,Gaetti,31.0,1989,MIN,2400000
4370,Mike,Greenwell,25.0,1988,BOS,205000
4381,Mike,Greenwell,26.0,1989,BOS,500000
4392,Mark,Gubicza,26.0,1988,KCA,635000
4406,Mark,Gubicza,27.0,1989,KCA,1375000
4418,Ozzie,Guillen,24.0,1988,CHA,537500
4436,Ozzie,Guillen,26.0,1990,CHA,1000000
4453,Ozzie,Guillen,27.0,1991,CHA,1600000
4464,Doug,Jones,31.0,1988,CLE,115000
4481,Doug,Jones,32.0,1989,CLE,307500
4498,Doug,Jones,33.0,1990,CLE,950000
4516,Doug,Jones,35.0,1992,HOU,1650000
4534,Doug,Jones,37.0,1994,PHI,2875000
4546,Carney,Lansford,31.0,1988,OAK,1300000
4553,Tim,Laudner,30.0,1988,MIN,295000
4559,Johnny,Ray,31.0,1988,CAL,732000
4563,Jeff,Russell,27.0,1988,TEX,190000
4574,Jeff,Russell,28.0,1989,TEX,480000
4584,Kurt,Stillwell,23.0,1988,KCA,137500
4593,Will,Clark,24.0,1988,SFN,320000
4609,Will,Clark,25.0,1989,SFN,1125000
4625,Will,Clark,26.0,1990,SFN,2250000
4641,Will,Clark,27.0,1991,SFN,3750000
4657,Will,Clark,28.0,1992,SFN,4275000
4674,Will,Clark,30.0,1994,TEX,3875972
4683,Bobby,Bonilla,25.0,1988,PIT,230000
4700,Bobby,Bonilla,26.0,1989,PIT,740000
4717,Bobby,Bonilla,27.0,1990,PIT,1250000
4734,Bobby,Bonilla,28.0,1991,PIT,2400000
4752,Bobby,Bonilla,30.0,1993,NYN,6200000
4770,Bobby,Bonilla,32.0,1995,NYN,5300000
4780,Vince,Coleman,27.0,1988,SLN,700000
4794,Vince,Coleman,28.0,1989,SLN,775000
4805,David,Cone,25.0,1988,NYN,92500
4825,David,Cone,29.0,1992,NYN,4250000
4843,David,Cone,31.0,1994,KCA,5000000
4862,David,Cone,34.0,1997,NYA,6666667
4880,David,Cone,36.0,1999,NYA,9500000
4886,Mark,Davis,28.0,1988,SDN,520000
4896,Mark,Davis,29.0,1989,SDN,600000
4903,Shawon,Dunston,25.0,1988,CHN,207500
4922,Shawon,Dunston,27.0,1990,CHN,1250000
4937,Andres,Galarraga,27.0,1988,MON,240000
4958,Andres,Galarraga,32.0,1993,COL,850000
4979,Andres,Galarraga,36.0,1997,COL,4950000
4997,Andres,Galarraga,37.0,1998,ATL,8400000
5016,Andres,Galarraga,39.0,2000,ATL,8500000
5022,Kevin,Gross,27.0,1988,PHI,450000
5034,Danny,Jackson,26.0,1988,CIN,390000
5053,Danny,Jackson,32.0,1994,PHI,2675000
5059,Barry,Larkin,24.0,1988,CIN,127500
5079,Barry,Larkin,25.0,1989,CIN,302500
5099,Barry,Larkin,26.0,1990,CIN,750000
5119,Barry,Larkin,27.0,1991,CIN,2100000
5140,Barry,Larkin,29.0,1993,CIN,5750000
5160,Barry,Larkin,30.0,1994,CIN,4400000
5180,Barry,Larkin,31.0,1995,CIN,5900000
5200,Barry,Larkin,32.0,1996,CIN,5700000
5220,Barry,Larkin,33.0,1997,CIN,5350000
5241,Barry,Larkin,35.0,1999,CIN,5300000
5261,Barry,Larkin,36.0,2000,CIN,5300000
5284,Barry,Larkin,40.0,2004,CIN,700000
5288,Vance,Law,32.0,1988,CHN,375000
5291,Greg,Maddux,22.0,1988,CHN,82500
5316,Greg,Maddux,26.0,1992,CHN,4200000
5339,Greg,Maddux,28.0,1994,ATL,4975000
5361,Greg,Maddux,29.0,1995,ATL,6500000
5383,Greg,Maddux,30.0,1996,ATL,6675000
5405,Greg,Maddux,31.0,1997,ATL,6775000
5427,Greg,Maddux,32.0,1998,ATL,9600000
5450,Greg,Maddux,34.0,2000,ATL,11100000
5460,Rafael,Palmeiro,24.0,1988,CHN,90000
5482,Rafael,Palmeiro,27.0,1991,TEX,1475000
5508,Rafael,Palmeiro,34.0,1998,BAL,6515828
5528,Rafael,Palmeiro,35.0,1999,TEX,8849931
5537,Gerald,Perry,28.0,1988,ATL,425000
5545,Chris,Sabo,26.0,1988,CIN,62500
5557,Chris,Sabo,28.0,1990,CIN,200000
5568,Chris,Sabo,29.0,1991,CIN,1250500
5577,Robby,Thompson,26.0,1988,SFN,232500
5594,Robby,Thompson,31.0,1993,SFN,1925000
5602,Andy,Van Slyke,28.0,1988,PIT,825000
5617,Andy,Van Slyke,32.0,1992,PIT,4350000
5629,Andy,Van Slyke,33.0,1993,PIT,4900000
5634,Bob,Walk,32.0,1988,PIT,450000
5642,Todd,Worrell,29.0,1988,SLN,200000
5661,Todd,Worrell,36.0,1995,LAN,4666667
5674,Todd,Worrell,37.0,1996,LAN,4000000
5680,Dave,Stewart,32.0,1989,OAK,1200000
5691,Julio,Franco,31.0,1989,TEX,1300000
5711,Julio,Franco,32.0,1990,TEX,1633333
5731,Julio,Franco,33.0,1991,TEX,2350000
5746,Bo,Jackson,27.0,1989,KCA,610000
5754,Ruben,Sierra,24.0,1989,TEX,350000
5772,Ruben,Sierra,26.0,1991,TEX,2650000
5789,Ruben,Sierra,27.0,1992,TEX,5000000
5807,Ruben,Sierra,29.0,1994,OAK,4700000
5819,Chuck,Finley,27.0,1989,CAL,180000
5837,Chuck,Finley,28.0,1990,CAL,725000
5859,Chuck,Finley,33.0,1995,CAL,4875000
5877,Chuck,Finley,34.0,1996,CAL,3060000
5898,Chuck,Finley,38.0,2000,CLE,7911948
5904,Kelly,Gruber,27.0,1989,TOR,462500
5913,Kelly,Gruber,28.0,1990,TOR,1150000
5919,Mike,Henneman,28.0,1989,DET,195000
5932,Mike,Moore,30.0,1989,OAK,1291666
5942,Greg,Swindell,24.0,1989,CLE,285000
5958,Mickey,Tettleton,29.0,1989,BAL,290000
5974,Mickey,Tettleton,34.0,1994,DET,1858334
5981,Devon,White,27.0,1989,CAL,380000
6001,Devon,White,31.0,1993,TOR,3658333
6022,Devon,White,36.0,1998,ARI,3510000
6028,Benito,Santiago,24.0,1989,SDN,345000
6048,Benito,Santiago,25.0,1990,SDN,750000
6068,Benito,Santiago,26.0,1991,SDN,1650000
6088,Benito,Santiago,27.0,1992,SDN,3300000
6117,Benito,Santiago,37.0,2002,SFN,2044168
6125,Howard,Johnson,29.0,1989,NYN,772500
6139,Howard,Johnson,31.0,1991,NYN,2166667
6148,Kevin,Mitchell,27.0,1989,SFN,610000
6161,Kevin,Mitchell,28.0,1990,SFN,2083000
6172,Tim,Burke,30.0,1989,MON,740000
6180,Von,Hayes,31.0,1989,PHI,1300000
6188,Mike,Scioscia,31.0,1989,LAN,1100000
6198,Mike,Scioscia,32.0,1990,LAN,1233333
6202,John,Smoltz,22.0,1989,ATL,86000
6226,John,Smoltz,25.0,1992,ATL,1600000
6248,John,Smoltz,26.0,1993,ATL,2700000
6272,John,Smoltz,29.0,1996,ATL,6000000
6299,John,Smoltz,35.0,2002,ATL,7666667
6321,John,Smoltz,36.0,2003,ATL,10666667
6344,John,Smoltz,38.0,2005,ATL,9000000
6367,John,Smoltz,40.0,2007,ATL,8000000
6372,Mitch,Williams,25.0,1989,CHN,377500
6378,Sandy,Alomar,24.0,1990,CLE,115000
6396,Sandy,Alomar,25.0,1991,CLE,360000
6414,Sandy,Alomar,26.0,1992,CLE,525000
6435,Sandy,Alomar,30.0,1996,CLE,2575000
6453,Sandy,Alomar,31.0,1997,CLE,2600000
6471,Sandy,Alomar,32.0,1998,CLE,2725000
6481,Ken,Griffey,21.0,1990,SEA,180000
6504,Ken,Griffey,22.0,1991,SEA,700000
6527,Ken,Griffey,23.0,1992,SEA,2025000
6550,Ken,Griffey,24.0,1993,SEA,4150000
6573,Ken,Griffey,25.0,1994,SEA,5100000
6596,Ken,Griffey,26.0,1995,SEA,7600000
6619,Ken,Griffey,27.0,1996,SEA,7650000
6642,Ken,Griffey,28.0,1997,SEA,7885532
6665,Ken,Griffey,29.0,1998,SEA,8153667
6688,Ken,Griffey,30.0,1999,SEA,8760532
6711,Ken,Griffey,31.0,2000,CIN,9329700
6737,Ken,Griffey,35.0,2004,CIN,12500000
6762,Ken,Griffey,38.0,2007,CIN,8446647
6769,Ellis,Burks,26.0,1990,BOS,475000
6793,Ellis,Burks,32.0,1996,COL,4033333
6804,Cecil,Fielder,27.0,1990,DET,1250000
6817,Cecil,Fielder,28.0,1991,DET,1750000
6831,Cecil,Fielder,30.0,1993,DET,4262500
6839,Randy,Johnson,27.0,1990,SEA,150000
6863,Randy,Johnson,30.0,1993,SEA,2625000
6885,Randy,Johnson,31.0,1994,SEA,3325000
6907,Randy,Johnson,32.0,1995,SEA,4675000
6930,Randy,Johnson,34.0,1997,SEA,6325000
6953,Randy,Johnson,36.0,1999,ARI,9700000
6975,Randy,Johnson,37.0,2000,ARI,13350000
6997,Randy,Johnson,38.0,2001,ARI,13350000
7019,Randy,Johnson,39.0,2002,ARI,13350000
7042,Randy,Johnson,41.0,2004,ARI,16000000
7049,Gregg,Olson,24.0,1990,BAL,270000
7066,Bobby,Thigpen,27.0,1990,CHA,325000
7071,Jack,Armstrong,25.0,1990,CIN,107500
7080,Lenny,Dykstra,27.0,1990,PHI,700000
7097,Lenny,Dykstra,31.0,1994,PHI,2650000
7111,Lenny,Dykstra,32.0,1995,PHI,6200000
7116,Roberto,Alomar,22.0,1990,SDN,390000
7133,Roberto,Alomar,23.0,1991,TOR,1300000
7150,Roberto,Alomar,24.0,1992,TOR,2983333
7167,Roberto,Alomar,25.0,1993,TOR,4933333
7184,Roberto,Alomar,26.0,1994,TOR,5433334
7201,Roberto,Alomar,27.0,1995,TOR,5500000
7218,Roberto,Alomar,28.0,1996,BAL,4279379
7235,Roberto,Alomar,29.0,1997,BAL,6354379
7252,Roberto,Alomar,30.0,1998,BAL,6343771
7269,Roberto,Alomar,31.0,1999,CLE,7049966
7286,Roberto,Alomar,32.0,2000,CLE,7196656
7303,Roberto,Alomar,33.0,2001,CLE,7750000
7311,Barry,Bonds,26.0,1990,PIT,850000
7335,Barry,Bonds,28.0,1992,PIT,4800000
7358,Barry,Bonds,29.0,1993,SFN,4516666
7381,Barry,Bonds,30.0,1994,SFN,5166666
7404,Barry,Bonds,31.0,1995,SFN,8166666
7427,Barry,Bonds,32.0,1996,SFN,8416667
7450,Barry,Bonds,33.0,1997,SFN,8666667
7473,Barry,Bonds,34.0,1998,SFN,8916667
7497,Barry,Bonds,36.0,2000,SFN,10658826
7520,Barry,Bonds,37.0,2001,SFN,10300000
7543,Barry,Bonds,38.0,2002,SFN,15000000
7566,Barry,Bonds,39.0,2003,SFN,15500000
7589,Barry,Bonds,40.0,2004,SFN,18000000
7614,Barry,Bonds,43.0,2007,SFN,15533970
7615,Jeff,Brantley,27.0,1990,SFN,175000
7629,Rob,Dibble,26.0,1990,CIN,200000
7638,Rob,Dibble,27.0,1991,CIN,475000
7649,Neal,Heaton,30.0,1990,PIT,700000
7658,Dennis,Martinez,36.0,1990,MON,1400000
7672,Dennis,Martinez,37.0,1991,MON,3333333
7686,Dennis,Martinez,38.0,1992,MON,3348333
7702,Dennis,Martinez,41.0,1995,CLE,4550000
7706,Ramon,Martinez,22.0,1990,LAN,150000
7720,Randy,Myers,28.0,1990,CIN,875000
7738,Randy,Myers,32.0,1994,CHN,3633333
7753,Randy,Myers,33.0,1995,CHN,4233334
7769,Randy,Myers,35.0,1997,BAL,3950000
7776,Matt,Williams,25.0,1990,SFN,190000
7795,Matt,Williams,29.0,1994,SFN,4200000
7811,Matt,Williams,30.0,1995,SFN,5850000
7827,Matt,Williams,31.0,1996,SFN,6600000
7845,Matt,Williams,34.0,1999,ARI,8100000
7856,Dave,Henderson,33.0,1991,OAK,2500000
7865,Danny,Tartabull,29.0,1991,KCA,2250000
7877,Rick,Aguilera,30.0,1991,MIN,1533333
7893,Rick,Aguilera,31.0,1992,MIN,2308333
7909,Rick,Aguilera,32.0,1993,MIN,2433333
7923,Joe,Carter,31.0,1991,TOR,3791667
7938,Joe,Carter,32.0,1992,TOR,3691667
7953,Joe,Carter,33.0,1993,TOR,5550000
7968,Joe,Carter,34.0,1994,TOR,5550000
7984,Joe,Carter,36.0,1996,TOR,6525000
7987,Scott,Erickson,23.0,1991,MIN,143500
8004,Bryan,Harvey,28.0,1991,CAL,1040000
8016,Bryan,Harvey,30.0,1993,FLO,4225000
8022,Jack,McDowell,25.0,1991,CHA,175000
8033,Jack,McDowell,26.0,1992,CHA,1600000
8044,Jack,McDowell,27.0,1993,CHA,4000000
8057,Scott,Sanderson,35.0,1991,NYA,2125000
8068,Tom,Glavine,25.0,1991,ATL,697500
8092,Tom,Glavine,26.0,1992,ATL,2975000
8116,Tom,Glavine,27.0,1993,ATL,4925000
8142,Tom,Glavine,30.0,1996,ATL,5350000
8166,Tom,Glavine,31.0,1997,ATL,5050000
8190,Tom,Glavine,32.0,1998,ATL,7000000
8215,Tom,Glavine,34.0,2000,ATL,9463237
8240,Tom,Glavine,36.0,2002,ATL,8623700
8265,Tom,Glavine,38.0,2004,NYN,10765608
8290,Tom,Glavine,40.0,2006,NYN,9993640
8298,Ivan,Calderon,29.0,1991,MON,2215000
8304,Craig,Biggio,26.0,1991,HOU,437500
8324,Craig,Biggio,27.0,1992,HOU,1425000
8345,Craig,Biggio,29.0,1994,HOU,3500000
8365,Craig,Biggio,30.0,1995,HOU,4725000
8385,Craig,Biggio,31.0,1996,HOU,2075000
8405,Craig,Biggio,32.0,1997,HOU,6280000
8425,Craig,Biggio,33.0,1998,HOU,6145000
8441,Tom,Browning,31.0,1991,CIN,2425000
8453,Brett,Butler,34.0,1991,LAN,2833333
8461,Pete,Harnisch,25.0,1991,HOU,210000
8474,Felix,Jose,26.0,1991,SLN,160000
8483,John,Kruk,30.0,1991,PHI,1175000
8494,John,Kruk,31.0,1992,PHI,2350000
8505,John,Kruk,32.0,1993,PHI,2450000
8512,Mike,Morgan,32.0,1991,LAN,650000
8527,Paul,O'Neill,28.0,1991,CIN,975000
8545,Paul,O'Neill,31.0,1994,NYA,3858334
8561,Paul,O'Neill,32.0,1995,NYA,2850000
8578,Paul,O'Neill,34.0,1997,NYA,5500000
8594,Paul,O'Neill,35.0,1998,NYA,5500000
8602,John,Smiley,26.0,1991,PIT,1050000
8618,John,Smiley,30.0,1995,CIN,4975000
8625,Kevin,Brown,27.0,1992,TEX,1200000
8646,Kevin,Brown,31.0,1996,FLO,3350000
8664,Kevin,Brown,32.0,1997,FLO,4510000
8682,Kevin,Brown,33.0,1998,SDN,4935000
8701,Kevin,Brown,35.0,2000,LAN,15714286
8721,Kevin,Brown,38.0,2003,LAN,15714286
8727,Brady,Anderson,28.0,1992,BAL,365000
8745,Brady,Anderson,32.0,1996,BAL,3613333
8760,Brady,Anderson,33.0,1997,BAL,4050000
8768,Carlos,Baerga,24.0,1992,CLE,525000
8782,Carlos,Baerga,25.0,1993,CLE,1383333
8797,Carlos,Baerga,27.0,1995,CLE,3633333
8807,Travis,Fryman,23.0,1992,DET,300000
8821,Travis,Fryman,24.0,1993,DET,675000
8835,Travis,Fryman,25.0,1994,DET,2425000
8850,Travis,Fryman,27.0,1996,DET,5175000
8867,Travis,Fryman,31.0,2000,CLE,5550000
8871,Juan,Guzman,26.0,1992,TOR,242000
8885,Roberto,Kelly,28.0,1992,NYA,2150000
8899,Roberto,Kelly,29.0,1993,CIN,3133333
8907,Chuck,Knoblauch,24.0,1992,MIN,325000
8920,Chuck,Knoblauch,26.0,1994,MIN,1625000
8933,Chuck,Knoblauch,28.0,1996,MIN,4670000
8945,Chuck,Knoblauch,29.0,1997,MIN,6150000
8953,Edgar,Martinez,29.0,1992,SEA,560000
8971,Edgar,Martinez,32.0,1995,SEA,3591367
8987,Edgar,Martinez,33.0,1996,SEA,3500000
9003,Edgar,Martinez,34.0,1997,SEA,3050000
9021,Edgar,Martinez,37.0,2000,SEA,5400000
9037,Edgar,Martinez,38.0,2001,SEA,5500000
9054,Edgar,Martinez,40.0,2003,SEA,4000000
9058,Jeff,Montgomery,30.0,1992,KCA,2460000
9070,Jeff,Montgomery,31.0,1993,KCA,3816666
9084,Jeff,Montgomery,34.0,1996,KCA,2150000
9090,Mike,Mussina,24.0,1992,BAL,152500
9109,Mike,Mussina,25.0,1993,BAL,450000
9128,Mike,Mussina,26.0,1994,BAL,775000
9149,Mike,Mussina,29.0,1997,BAL,6825000
9169,Mike,Mussina,31.0,1999,BAL,6623143
9180,Charles,Nagy,25.0,1992,CLE,391666
9196,Charles,Nagy,29.0,1996,CLE,3487500
9211,Charles,Nagy,32.0,1999,CLE,6000000
9215,Ivan,Rodriguez,21.0,1992,TEX,140000
9236,Ivan,Rodriguez,22.0,1993,TEX,300000
9257,Ivan,Rodriguez,23.0,1994,TEX,520000
9278,Ivan,Rodriguez,24.0,1995,TEX,2675000
9299,Ivan,Rodriguez,25.0,1996,TEX,4000000
9320,Ivan,Rodriguez,26.0,1997,TEX,6825000
9341,Ivan,Rodriguez,27.0,1998,TEX,6700000
9362,Ivan,Rodriguez,28.0,1999,TEX,8950000
9383,Ivan,Rodriguez,29.0,2000,TEX,8600000
9404,Ivan,Rodriguez,30.0,2001,TEX,8200000
9427,Ivan,Rodriguez,33.0,2004,DET,7000000
9448,Ivan,Rodriguez,34.0,2005,DET,8000000
9469,Ivan,Rodriguez,35.0,2006,DET,10616410
9490,Ivan,Rodriguez,36.0,2007,DET,10567639
9497,Robin,Ventura,25.0,1992,CHA,640000
9522,Robin,Ventura,35.0,2002,NYA,8500000
9530,Fred,McGriff,29.0,1992,SDN,4075000
9549,Fred,McGriff,31.0,1994,ATL,3775000
9567,Fred,McGriff,32.0,1995,ATL,4275000
9585,Fred,McGriff,33.0,1996,ATL,5050000
9606,Fred,McGriff,37.0,2000,TBA,5945818
9617,Terry,Pendleton,32.0,1992,ATL,3025000
9627,Norm,Charlton,29.0,1992,CIN,1200000
9643,Darren,Daulton,30.0,1992,PHI,2566667
9656,Darren,Daulton,31.0,1993,PHI,2466667
9670,Darren,Daulton,33.0,1995,PHI,5300000
9676,Ron,Gant,27.0,1992,ATL,2700000
9696,Ron,Gant,30.0,1995,CIN,3633335
9710,Tom,Pagnozzi,30.0,1992,SLN,992500
9721,Bip,Roberts,29.0,1992,CIN,1550000
9731,Mike,Sharperson,31.0,1992,LAN,587500
9737,Gary,Sheffield,24.0,1992,SDN,750000
9759,Gary,Sheffield,25.0,1993,SDN,3110000
9783,Gary,Sheffield,28.0,1996,FLO,6135000
9806,Gary,Sheffield,30.0,1998,FLO,14936667
9828,Gary,Sheffield,31.0,1999,LAN,9956667
9850,Gary,Sheffield,32.0,2000,LAN,9916667
9874,Gary,Sheffield,35.0,2003,ATL,11416667
9896,Gary,Sheffield,36.0,2004,NYA,13000000
9918,Gary,Sheffield,37.0,2005,NYA,13000000
9926,Bob,Tewksbury,32.0,1992,SLN,825000
9935,Larry,Walker,26.0,1992,MON,990000
9955,Larry,Walker,31.0,1997,COL,6325000
9971,Larry,Walker,32.0,1998,COL,6050000
9987,Larry,Walker,33.0,1999,COL,5417857
10004,Larry,Walker,35.0,2001,COL,12166667
10012,John,Olerud,25.0,1993,TOR,1562500
10035,John,Olerud,33.0,2001,SEA,6700000
10043,Albert,Belle,27.0,1993,CLE,1675000
10059,Albert,Belle,28.0,1994,CLE,2775000
10075,Albert,Belle,29.0,1995,CLE,4500000
10091,Albert,Belle,30.0,1996,CLE,5700000
10107,Albert,Belle,31.0,1997,CHA,10000000
10117,Scott,Cooper,26.0,1993,BOS,240000
10125,Scott,Cooper,27.0,1994,BOS,500000
10130,Juan,Gonzalez,24.0,1993,TEX,525000
10150,Juan,Gonzalez,29.0,1998,TEX,7800000
10168,Juan,Gonzalez,32.0,2001,CLE,10000000
10175,Pat,Hentgen,25.0,1993,TOR,182500
10190,Pat,Hentgen,26.0,1994,TOR,550000
10207,Pat,Hentgen,29.0,1997,TOR,3300000
10217,Frank,Thomas,25.0,1993,CHA,1115000
10236,Frank,Thomas,26.0,1994,CHA,2755000
10255,Frank,Thomas,27.0,1995,CHA,7150000
10274,Frank,Thomas,28.0,1996,CHA,7150000
10293,Frank,Thomas,29.0,1997,CHA,7150000
10309,Greg,Vaughn,28.0,1993,ML4,1777500
10326,Greg,Vaughn,31.0,1996,ML4,5875000
10342,Greg,Vaughn,33.0,1998,SDN,5275000
10359,Greg,Vaughn,36.0,2001,TBA,8250000
10366,Duane,Ward,29.0,1993,TOR,3350000
10373,Terry,Mulholland,30.0,1993,PHI,2650000
10388,Marquis,Grissom,26.0,1993,MON,1500000
10405,Marquis,Grissom,27.0,1994,MON,3575000
10419,David,Justice,27.0,1993,ATL,1875000
10432,David,Justice,28.0,1994,ATL,3200000
10447,David,Justice,31.0,1997,CLE,6300000
10457,Mark,Grace,29.0,1993,CHN,3100000
10474,Mark,Grace,31.0,1995,CHN,4400000
10491,Mark,Grace,33.0,1997,CHN,4525000
10500,Steve,Avery,23.0,1993,ATL,560000
10508,Rod,Beck,25.0,1993,SFN,250000
10519,Rod,Beck,26.0,1994,SFN,750000
10532,Rod,Beck,29.0,1997,SFN,3183380
10542,Jay,Bell,28.0,1993,PIT,2975000
10564,Jay,Bell,34.0,1999,ARI,6100000
10573,Andy,Benes,26.0,1993,SDN,2050000
10589,Jeff,Blauser,28.0,1993,ATL,2000000
10606,Jeff,Blauser,32.0,1997,ATL,4020000
10612,John,Burkett,29.0,1993,SFN,1700000
10634,John,Burkett,37.0,2001,ATL,1750000
10640,Dave,Hollins,27.0,1993,PHI,625000
10652,Gregg,Jefferies,26.0,1993,SLN,2650000
10665,Gregg,Jefferies,27.0,1994,SLN,4600000
10674,Darryl,Kile,25.0,1993,HOU,247500
10690,Darryl,Kile,29.0,1997,HOU,1700000
10705,Darryl,Kile,32.0,2000,SLN,7417981
10708,Mike,Piazza,25.0,1993,LAN,126000
10724,Mike,Piazza,26.0,1994,LAN,600000
10740,Mike,Piazza,27.0,1995,LAN,900000
10756,Mike,Piazza,28.0,1996,LAN,2700000
10772,Mike,Piazza,29.0,1997,LAN,7000000
10788,Mike,Piazza,30.0,1998,LAN,8000000
10804,Mike,Piazza,31.0,1999,NYN,7171428
10820,Mike,Piazza,32.0,2000,NYN,12071429
10836,Mike,Piazza,33.0,2001,NYN,13571429
10852,Mike,Piazza,34.0,2002,NYN,10571429
10869,Mike,Piazza,36.0,2004,NYN,16071429
10885,Mike,Piazza,37.0,2005,NYN,16071429
10891,Wilson,Alvarez,24.0,1994,CHA,285000
10903,Jason,Bere,23.0,1994,CHA,170000
10917,Ricky,Bones,25.0,1994,ML4,350000
10928,Kenny,Lofton,27.0,1994,CLE,925000
10946,Kenny,Lofton,28.0,1995,CLE,1925000
10964,Kenny,Lofton,29.0,1996,CLE,3575000
10982,Kenny,Lofton,30.0,1997,ATL,4825000
11000,Kenny,Lofton,31.0,1998,CLE,7550000
11018,Kenny,Lofton,32.0,1999,CLE,7550000
11035,Mariano,Duncan,31.0,1994,PHI,2250000
11042,Moises,Alou,28.0,1994,MON,1415000
11063,Moises,Alou,31.0,1997,FLO,4500000
11082,Moises,Alou,32.0,1998,HOU,5020000
11103,Moises,Alou,35.0,2001,HOU,5250000
11124,Moises,Alou,38.0,2004,CHN,9500000
11143,Moises,Alou,39.0,2005,SFN,7250000
11149,Jeff,Bagwell,26.0,1994,HOU,2525000
11166,Jeff,Bagwell,28.0,1996,HOU,4875000
11182,Jeff,Bagwell,29.0,1997,HOU,8040000
11199,Jeff,Bagwell,31.0,1999,HOU,6500000
11211,Dante,Bichette,31.0,1994,COL,2850000
11224,Dante,Bichette,32.0,1995,COL,3400000
11237,Dante,Bichette,33.0,1996,COL,3591666
11251,Dante,Bichette,35.0,1998,COL,5291667
11261,Ken,Caminiti,31.0,1994,HOU,3250000
11277,Ken,Caminiti,33.0,1996,SDN,3275000
11292,Ken,Caminiti,34.0,1997,SDN,3150000
11298,Jeff,Conine,28.0,1994,FLO,230000
11314,Jeff,Conine,29.0,1995,FLO,510000
11328,Wil,Cordero,23.0,1994,MON,200000
11347,Doug,Drabek,32.0,1994,HOU,4275000
11355,Darrin,Fletcher,28.0,1994,MON,615000
11367,Carlos,Garcia,27.0,1994,PIT,192500
11379,Ken,Hill,29.0,1994,MON,2615000
11387,John,Hudek,28.0,1994,HOU,109000
11400,Jose,Rijo,29.0,1994,CIN,3975000
11410,Kevin,Appier,28.0,1995,KCA,4387500
11424,Gary,Disarcina,28.0,1995,CAL,925000
11433,Jim,Edmonds,25.0,1995,CAL,167500
11455,Jim,Edmonds,30.0,2000,SLN,4500000
11475,Jim,Edmonds,33.0,2003,SLN,8333333
11494,Jim,Edmonds,35.0,2005,SLN,10333333
11505,Erik,Hanson,30.0,1995,BOS,1500000
11512,Tino,Martinez,28.0,1995,SEA,1025000
11528,Tino,Martinez,30.0,1997,NYA,4400000
11542,Jose,Mesa,29.0,1995,CLE,1447223
11561,Jose,Mesa,30.0,1996,CLE,1872223
11581,Steve,Ontiveros,34.0,1995,OAK,965000
11586,Manny,Ramirez,23.0,1995,CLE,150000
11608,Manny,Ramirez,26.0,1998,CLE,2850000
11628,Manny,Ramirez,27.0,1999,CLE,4350000
11648,Manny,Ramirez,28.0,2000,CLE,4250000
11668,Manny,Ramirez,29.0,2001,BOS,13050000
11688,Manny,Ramirez,30.0,2002,BOS,15462727
11708,Manny,Ramirez,31.0,2003,BOS,20000000
11728,Manny,Ramirez,32.0,2004,BOS,22500000
11748,Manny,Ramirez,33.0,2005,BOS,22000000
11768,Manny,Ramirez,34.0,2006,BOS,18279238
11788,Manny,Ramirez,35.0,2007,BOS,17016381
11808,Manny,Ramirez,36.0,2008,BOS,18929923
11818,Kenny,Rogers,31.0,1995,TEX,3750000
11847,Kenny,Rogers,40.0,2004,TEX,2500000
11868,Kenny,Rogers,41.0,2005,TEX,3500000
11889,Kenny,Rogers,42.0,2006,DET,8000000
11899,Mike,Stanley,32.0,1995,NYA,912500
11909,Mo,Vaughn,28.0,1995,BOS,2775000
11924,Mo,Vaughn,29.0,1996,BOS,5400000
11940,Mo,Vaughn,31.0,1998,BOS,6650000
11954,David,Wells,32.0,1995,DET,2191667
11977,David,Wells,35.0,1998,NYA,4666666
11999,David,Wells,37.0,2000,TOR,5500000
12007,Hideo,Nomo,27.0,1995,LAN,2109000
12021,Vinny,Castilla,28.0,1995,COL,265000
12039,Vinny,Castilla,31.0,1998,COL,5025000
12049,Tyler,Green,25.0,1995,PHI,109000
12056,Raul,Mondesi,24.0,1995,LAN,435000
12070,Mickey,Morandini,29.0,1995,PHI,1025000
12079,Denny,Neagle,27.0,1995,PIT,740000
12094,Denny,Neagle,29.0,1997,ATL,3610000
12107,Jose,Offerman,27.0,1995,LAN,1600000
12126,Jose,Offerman,31.0,1999,BOS,4950000
12132,Carlos,Perez,24.0,1995,MON,109000
12142,Reggie,Sanders,28.0,1995,CIN,1975000
12159,Heathcliff,Slocumb,29.0,1995,PHI,200000
12172,Sammy,Sosa,27.0,1995,CHN,4300000
12193,Sammy,Sosa,30.0,1998,CHN,8325000
12212,Sammy,Sosa,31.0,1999,CHN,9000000
12231,Sammy,Sosa,32.0,2000,CHN,11000000
12250,Sammy,Sosa,33.0,2001,CHN,12500000
12269,Sammy,Sosa,34.0,2002,CHN,15000000
12289,Sammy,Sosa,36.0,2004,CHN,16000000
12300,Jay,Buhner,32.0,1996,SEA,5641667
12312,Roberto,Hernandez,32.0,1996,CHA,2105000
12334,Roberto,Hernandez,35.0,1999,TBA,6180000
12347,Roger,Pavlik,29.0,1996,TEX,1250000
12351,Troy,Percival,27.0,1996,CAL,355000
12367,Troy,Percival,29.0,1998,ANA,1125000
12382,Troy,Percival,30.0,1999,ANA,1975000
12398,Troy,Percival,32.0,2001,ANA,3400000
12407,Andy,Pettitte,24.0,1996,NYA,195000
12429,Andy,Pettitte,29.0,2001,NYA,7000000
12455,Andy,Pettitte,38.0,2010,NYA,11750000
12459,Alex,Rodriguez,21.0,1996,SEA,442334
12481,Alex,Rodriguez,22.0,1997,SEA,1062500
12503,Alex,Rodriguez,23.0,1998,SEA,2162500
12526,Alex,Rodriguez,25.0,2000,SEA,4362500
12548,Alex,Rodriguez,26.0,2001,TEX,22000000
12570,Alex,Rodriguez,27.0,2002,TEX,22000000
12592,Alex,Rodriguez,28.0,2003,TEX,22000000
12614,Alex,Rodriguez,29.0,2004,NYA,22000000
12636,Alex,Rodriguez,30.0,2005,NYA,26000000
12658,Alex,Rodriguez,31.0,2006,NYA,21680727
12680,Alex,Rodriguez,32.0,2007,NYA,22708525
12702,Alex,Rodriguez,33.0,2008,NYA,28000000
12725,Alex,Rodriguez,35.0,2010,NYA,33000000
12747,Alex,Rodriguez,36.0,2011,NYA,32000000
12757,John,Wetteland,30.0,1996,NYA,4000000
12770,John,Wetteland,32.0,1998,TEX,5800000
12782,John,Wetteland,33.0,1999,TEX,6350000
12787,Dan,Wilson,27.0,1996,SEA,400000
12800,Chipper,Jones,24.0,1996,ATL,825000
12821,Chipper,Jones,25.0,1997,ATL,1525000
12842,Chipper,Jones,26.0,1998,ATL,2550000
12864,Chipper,Jones,28.0,2000,ATL,4750000
12885,Chipper,Jones,29.0,2001,ATL,10333333
12912,Chipper,Jones,36.0,2008,ATL,12333333
12935,Chipper,Jones,39.0,2011,ATL,14000000
12956,Chipper,Jones,40.0,2012,ATL,14000000
12966,Lance,Johnson,33.0,1996,NYN,2715000
12972,Ricky,Bottalico,27.0,1996,PHI,185000
12981,Mark,Grudzielanek,26.0,1996,MON,135000
13000,Todd,Hundley,27.0,1996,NYN,1837500
13015,Todd,Hundley,28.0,1997,NYN,4150000
13023,Jason,Kendall,22.0,1996,PIT,109000
13041,Jason,Kendall,24.0,1998,PIT,600000
13059,Jason,Kendall,26.0,2000,PIT,2250000
13078,Al,Leiter,31.0,1996,FLO,2750000
13099,Al,Leiter,35.0,2000,NYN,7750000
13108,Pedro,Martinez,25.0,1996,MON,315000
13125,Pedro,Martinez,26.0,1997,MON,3615000
13142,Pedro,Martinez,27.0,1998,BOS,7575000
13159,Pedro,Martinez,28.0,1999,BOS,11100000
13176,Pedro,Martinez,29.0,2000,BOS,11500000
13194,Pedro,Martinez,31.0,2002,BOS,14000000
13213,Pedro,Martinez,34.0,2005,NYN,10875000
13230,Pedro,Martinez,35.0,2006,NYN,14875000
13236,Henry,Rodriguez,29.0,1996,MON,220000
13246,Steve,Trachsel,26.0,1996,CHN,220000
13262,Mark,Wohlers,26.0,1996,ATL,1425000
13272,Eric,Young,29.0,1996,COL,1125000
13286,Jeff,Cirillo,28.0,1997,ML4,350000
13303,Jeff,Cirillo,31.0,2000,COL,3600000
13319,Joey,Cora,32.0,1997,SEA,1025000
13322,Jason,Dickson,24.0,1997,ANA,162000
13327,Nomar,Garciaparra,24.0,1997,BOS,150000
13343,Nomar,Garciaparra,26.0,1999,BOS,1400000
13358,Nomar,Garciaparra,27.0,2000,BOS,3700000
13374,Nomar,Garciaparra,29.0,2002,BOS,9000000
13389,Nomar,Garciaparra,30.0,2003,BOS,11000000
13406,Nomar,Garciaparra,33.0,2006,LAN,6000000
13412,Mariano,Rivera,28.0,1997,NYA,550000
13433,Mariano,Rivera,30.0,1999,NYA,4250000
13453,Mariano,Rivera,31.0,2000,NYA,7250000
13473,Mariano,Rivera,32.0,2001,NYA,9150000
13493,Mariano,Rivera,33.0,2002,NYA,9450000
13514,Mariano,Rivera,35.0,2004,NYA,10890000
13534,Mariano,Rivera,36.0,2005,NYA,10500000
13554,Mariano,Rivera,37.0,2006,NYA,10500000
13575,Mariano,Rivera,39.0,2008,NYA,15000000
13595,Mariano,Rivera,40.0,2009,NYA,15000000
13615,Mariano,Rivera,41.0,2010,NYA,15000000
13635,Mariano,Rivera,42.0,2011,NYA,14911700
13656,Mariano,Rivera,44.0,2013,NYA,10000000
13658,Jose,Rosado,23.0,1997,KCA,200000
13666,Jose,Rosado,25.0,1999,KCA,300000
13675,Jim,Thome,27.0,1997,CLE,2625000
13698,Jim,Thome,28.0,1998,CLE,4800000
13721,Jim,Thome,29.0,1999,CLE,8225000
13748,Jim,Thome,34.0,2004,PHI,12166667
13772,Jim,Thome,36.0,2006,CHA,14166667
13780,Justin,Thompson,24.0,1997,DET,198000
13791,Bernie,Williams,29.0,1997,NYA,5300000
13808,Bernie,Williams,30.0,1998,NYA,8300000
13825,Bernie,Williams,31.0,1999,NYA,9857143
13842,Bernie,Williams,32.0,2000,NYA,12357143
13859,Bernie,Williams,33.0,2001,NYA,12357143
13872,Ray,Lankford,30.0,1997,SLN,4466667
13884,Royce,Clayton,27.0,1997,SLN,2650000
13897,Shawn,Estes,24.0,1997,SFN,162500
13915,Steve,Finley,32.0,1997,SDN,2986672
13937,Steve,Finley,35.0,2000,ARI,5375000
13948,Charles,Johnson,26.0,1997,FLO,290000
13963,Charles,Johnson,30.0,2001,FLO,5000000
13971,Bobby,Jones,27.0,1997,NYN,1925000
13981,Javy,Lopez,27.0,1997,ATL,2050000
13996,Javy,Lopez,28.0,1998,ATL,3850000
14015,Javy,Lopez,33.0,2003,ATL,7000000
14026,Curt,Schilling,31.0,1997,PHI,3500000
14046,Curt,Schilling,32.0,1998,PHI,4700000
14066,Curt,Schilling,33.0,1999,PHI,5250000
14087,Curt,Schilling,35.0,2001,ARI,6500000
14107,Curt,Schilling,36.0,2002,ARI,10000000
14128,Curt,Schilling,38.0,2004,BOS,12000000
14133,Tony,Womack,28.0,1997,PIT,160000
14143,Rolando,Arrojo,30.0,1998,TBA,245000
14154,Scott,Brosius,32.0,1998,NYA,2650000
14159,Bartolo,Colon,25.0,1998,CLE,180000
14183,Bartolo,Colon,32.0,2005,LAA,10000000
14206,Bartolo,Colon,40.0,2013,OAK,3000000
14212,Ray,Durham,27.0,1998,CHA,1935000
14228,Ray,Durham,29.0,2000,CHA,4900000
14242,Damion,Easley,29.0,1998,DET,2050000
14253,Darin,Erstad,24.0,1998,ANA,550000
14268,Darin,Erstad,26.0,2000,ANA,2500000
14287,Tom,Gordon,31.0,1998,BOS,3300000
14314,Tom,Gordon,37.0,2004,NYA,3500000
14337,Tom,Gordon,39.0,2006,PHI,4500000
14341,Ben,Grieve,22.0,1998,OAK,172000
14350,Derek,Jeter,24.0,1998,NYA,750000
14370,Derek,Jeter,25.0,1999,NYA,5000000
14390,Derek,Jeter,26.0,2000,NYA,10000000
14410,Derek,Jeter,27.0,2001,NYA,12600000
14430,Derek,Jeter,28.0,2002,NYA,14600000
14451,Derek,Jeter,30.0,2004,NYA,18600000
14472,Derek,Jeter,32.0,2006,NYA,20600000
14492,Derek,Jeter,33.0,2007,NYA,21600000
14512,Derek,Jeter,34.0,2008,NYA,21600000
14532,Derek,Jeter,35.0,2009,NYA,21600000
14552,Derek,Jeter,36.0,2010,NYA,22600000
14572,Derek,Jeter,37.0,2011,NYA,14729364
14592,Derek,Jeter,38.0,2012,NYA,15729364
14613,Derek,Jeter,40.0,2014,NYA,12000000
14621,Dean,Palmer,30.0,1998,KCA,5825000
14630,Brad,Radke,26.0,1998,MIN,1400000
14644,Aaron,Sele,28.0,1998,TEX,2850000
14660,Aaron,Sele,30.0,2000,SEA,7500000
14676,Omar,Vizquel,31.0,1998,CLE,3050000
14701,Omar,Vizquel,32.0,1999,CLE,3050000
14728,Omar,Vizquel,35.0,2002,CLE,4500000
14749,Walt,Weiss,35.0,1998,ATL,3050000
14758,Andy,Ashby,31.0,1998,SDN,4125000
14771,Andy,Ashby,32.0,1999,SDN,5050000
14781,Bret,Boone,29.0,1998,CIN,2800000
14797,Bret,Boone,32.0,2001,SEA,3250000
14812,Bret,Boone,34.0,2003,SEA,8000000
14820,Trevor,Hoffman,31.0,1998,SDN,2925000
14839,Trevor,Hoffman,32.0,1999,SDN,4775000
14858,Trevor,Hoffman,33.0,2000,SDN,6600000
14878,Trevor,Hoffman,35.0,2002,SDN,6600000
14900,Trevor,Hoffman,39.0,2006,SDN,4500000
14919,Trevor,Hoffman,40.0,2007,SDN,7000000
14939,Trevor,Hoffman,42.0,2009,MIL,6000000
14947,Robb,Nen,29.0,1998,SFN,4090000
14961,Robb,Nen,30.0,1999,SFN,5150000
14977,Robb,Nen,33.0,2002,SFN,8300000
14982,Rick,Reed,34.0,1998,NYN,1375000
14993,Rick,Reed,37.0,2001,NYN,6750000
14997,Edgar,Renteria,22.0,1998,FLO,255000
15014,Edgar,Renteria,24.0,2000,SLN,2250000
15032,Edgar,Renteria,27.0,2003,SLN,6500000
15048,Edgar,Renteria,28.0,2004,SLN,7250000
15065,Edgar,Renteria,30.0,2006,ATL,9000000
15078,Jeff,Shaw,32.0,1998,CIN,650000
15092,Jeff,Shaw,35.0,2001,LAN,6383333
15096,Ugueth,Urbina,24.0,1998,MON,565000
15110,Ugueth,Urbina,28.0,2002,BOS,6700000
15118,Fernando,Vina,29.0,1998,MIL,1100000
15132,Brad,Ausmus,30.0,1999,DET,2200000
15147,Ron,Coomer,33.0,1999,MIN,1150000
15157,Shawn,Green,27.0,1999,TOR,3125000
15175,Shawn,Green,30.0,2002,LAN,13416667
15187,John,Jaha,33.0,1999,OAK,525000
15192,Magglio,Ordonez,25.0,1999,CHA,305000
15208,Magglio,Ordonez,26.0,2000,CHA,425000
15224,Magglio,Ordonez,27.0,2001,CHA,3750000
15241,Magglio,Ordonez,29.0,2003,CHA,9000000
15259,Magglio,Ordonez,32.0,2006,DET,16200000
15275,Magglio,Ordonez,33.0,2007,DET,13200000
15292,B. J.,Surhoff,35.0,1999,BAL,3705516
15299,Jeff,Zimmerman,27.0,1999,TEX,200000
15310,Jeromy,Burnitz,30.0,1999,MIL,3612500
15323,Kent,Bottenfield,31.0,1999,SLN,850000
15330,Paul,Byrd,29.0,1999,PHI,297500
15340,Sean,Casey,25.0,1999,CIN,220000
15353,Sean,Casey,27.0,2001,CIN,3000000
15367,Sean,Casey,30.0,2004,CIN,6800000
15373,Alex,Gonzalez,22.0,1999,FLO,201000
15397,Luis,Gonzalez,32.0,1999,ARI,2050000
15417,Luis,Gonzalez,34.0,2001,ARI,4833333
15436,Luis,Gonzalez,35.0,2002,ARI,4333333
15455,Luis,Gonzalez,36.0,2003,ARI,4000000
15475,Luis,Gonzalez,38.0,2005,ARI,10083333
15481,Vladimir,Guerrero,24.0,1999,MON,1050000
15497,Vladimir,Guerrero,25.0,2000,MON,3500000
15513,Vladimir,Guerrero,26.0,2001,MON,6000000
15529,Vladimir,Guerrero,27.0,2002,MON,8000000
15546,Vladimir,Guerrero,29.0,2004,ANA,11000000
15562,Vladimir,Guerrero,30.0,2005,LAA,12500000
15578,Vladimir,Guerrero,31.0,2006,LAA,13500000
15594,Vladimir,Guerrero,32.0,2007,LAA,14500000
15612,Vladimir,Guerrero,35.0,2010,TEX,5500000
15620,Mike,Hampton,27.0,1999,HOU,4125000
15639,Mike,Hampton,29.0,2001,COL,10500000
15655,Brian,Jordan,32.0,1999,ATL,4600000
15670,Jeff,Kent,31.0,1999,SFN,5750000
15688,Jeff,Kent,32.0,2000,SFN,6000000
15706,Jeff,Kent,33.0,2001,SFN,6000000
15726,Jeff,Kent,36.0,2004,HOU,10000000
15744,Jeff,Kent,37.0,2005,LAN,7350000
15753,Mike,Lieberthal,27.0,1999,PHI,2250000
15768,Mike,Lieberthal,28.0,2000,PHI,4833333
15781,Jose,Lima,27.0,1999,HOU,2250000
15787,Kevin,Millwood,25.0,1999,ATL,230000
15806,Dave,Nilsson,30.0,1999,MIL,5694133
15815,Ed,Sprague,32.0,1999,PIT,1300000
15821,Billy,Wagner,28.0,1999,HOU,2250000
15839,Billy,Wagner,30.0,2001,HOU,5000000
15857,Billy,Wagner,32.0,2003,HOU,8000000
15875,Billy,Wagner,34.0,2005,PHI,9000000
15893,Billy,Wagner,36.0,2007,NYN,10500000
15910,Billy,Wagner,37.0,2008,NYN,10500000
15928,Billy,Wagner,39.0,2010,ATL,6750000
15929,Scott,Williamson,23.0,1999,CIN,200000
15943,Jason,Giambi,29.0,2000,OAK,3103333
15963,Jason,Giambi,30.0,2001,OAK,4103333
15983,Jason,Giambi,31.0,2002,NYA,10428571
16003,Jason,Giambi,32.0,2003,NYA,11428571
16023,Jason,Giambi,33.0,2004,NYA,12428571
16040,Carl,Everett,29.0,2000,BOS,5000333
16057,Carl,Everett,32.0,2003,TEX,9150000
16065,Jermaine,Dye,26.0,2000,KCA,2300000
16085,Jermaine,Dye,32.0,2006,CHA,5000000
16094,James,Baldwin,29.0,2000,CHA,3300000
16111,Tony,Batista,29.0,2002,BAL,4900000
16123,Mike,Bordick,35.0,2000,BAL,3000000
16132,Carlos,Delgado,28.0,2000,TOR,6600000
16150,Carlos,Delgado,31.0,2003,TOR,18700000
16159,Troy,Glaus,24.0,2000,ANA,275000
16173,Troy,Glaus,25.0,2001,ANA,1250000
16188,Troy,Glaus,27.0,2003,ANA,7250000
16204,Troy,Glaus,30.0,2006,TOR,10000000
16210,Tim,Hudson,25.0,2000,OAK,250000
16231,Tim,Hudson,29.0,2004,OAK,5000000
16254,Tim,Hudson,35.0,2010,ATL,9000000
16275,Tim,Hudson,39.0,2014,SFN,11000000
16282,Jason,Isringhausen,28.0,2000,OAK,825000
16303,Jason,Isringhausen,33.0,2005,SLN,7000000
16316,Todd,Jones,32.0,2000,DET,3650000
16330,Matt,Lawton,29.0,2000,MIN,2000000
16346,Matt,Lawton,33.0,2004,CLE,7250000
16351,Derek,Lowe,27.0,2000,BOS,625000
16368,Derek,Lowe,29.0,2002,BOS,3125000
16382,Jorge,Posada,29.0,2000,NYA,1250000
16398,Jorge,Posada,30.0,2001,NYA,4050000
16414,Jorge,Posada,31.0,2002,NYA,7000000
16430,Jorge,Posada,32.0,2003,NYA,8000000
16449,Jorge,Posada,36.0,2007,NYA,12000000
16459,Mike,Sweeney,27.0,2000,KCA,2250000
16476,Mike,Sweeney,28.0,2001,KCA,5000000
16493,Mike,Sweeney,29.0,2002,KCA,8000000
16510,Mike,Sweeney,30.0,2003,KCA,11000000
16528,Mike,Sweeney,32.0,2005,KCA,11000000
16539,Edgardo,Alfonzo,27.0,2000,NYN,4225000
16547,Ryan,Dempster,23.0,2000,FLO,268000
16570,Ryan,Dempster,31.0,2008,CHN,7333333
16581,Brian,Giles,29.0,2000,PIT,1816667
16597,Brian,Giles,30.0,2001,PIT,7333333
16617,Joe,Girardi,36.0,2000,CHN,2000000
16624,Danny,Graves,27.0,2000,CIN,400000
16638,Danny,Graves,31.0,2004,CIN,6000000
16648,Jeffrey,Hammonds,29.0,2000,COL,3183333
16656,Todd,Helton,27.0,2000,COL,1300000
16674,Todd,Helton,28.0,2001,COL,4950000
16692,Todd,Helton,29.0,2002,COL,5000000
16710,Todd,Helton,30.0,2003,COL,10600000
16728,Todd,Helton,31.0,2004,COL,11600000
16742,Andruw,Jones,23.0,2000,ATL,3700000
16761,Andruw,Jones,25.0,2002,ATL,10000000
16779,Andruw,Jones,26.0,2003,ATL,12000000
16798,Andruw,Jones,28.0,2005,ATL,13000000
16816,Andruw,Jones,29.0,2006,ATL,13500000
16830,Shane,Reynolds,32.0,2000,HOU,6666667
16837,Jose,Vidro,26.0,2000,MON,340000
16851,Jose,Vidro,28.0,2002,MON,4000000
16864,Jose,Vidro,29.0,2003,MON,5500000
16878,Bob,Wickman,31.0,2000,MIL,2400000
16899,Bob,Wickman,36.0,2005,CLE,2750000
16902,Ichiro,Suzuki,28.0,2001,SEA,5666667
16918,Ichiro,Suzuki,29.0,2002,SEA,3696000
16934,Ichiro,Suzuki,30.0,2003,SEA,4666667
16950,Ichiro,Suzuki,31.0,2004,SEA,6500000
16966,Ichiro,Suzuki,32.0,2005,SEA,12500000
16982,Ichiro,Suzuki,33.0,2006,SEA,12500000
16998,Ichiro,Suzuki,34.0,2007,SEA,12500000
17014,Ichiro,Suzuki,35.0,2008,SEA,17102149
17030,Ichiro,Suzuki,36.0,2009,SEA,18000000
17046,Ichiro,Suzuki,37.0,2010,SEA,18000000
17058,Mike,Cameron,28.0,2001,SEA,3416667
17074,Tony,Clark,29.0,2001,DET,4462500
17084,Freddy,Garcia,25.0,2001,SEA,425000
17096,Freddy,Garcia,26.0,2002,SEA,3800000
17106,Cristian,Guzman,23.0,2001,MIN,325000
17125,Cristian,Guzman,30.0,2008,WAS,4200000
17130,Joe,Mays,26.0,2001,MIN,260000
17139,Eric,Milton,26.0,2001,MIN,2150000
17154,Jeff,Nelson,35.0,2001,SEA,3333333
17168,Paul,Quantrill,33.0,2001,TOR,1800000
17174,Kazuhiro,Sasaki,33.0,2001,SEA,4666667
17179,Kazuhiro,Sasaki,34.0,2002,SEA,5070000
17192,Mike,Stanton,34.0,2001,NYA,2450000
17205,Rich,Aurilia,30.0,2001,SFN,3250000
17215,Lance,Berkman,25.0,2001,HOU,305000
17230,Lance,Berkman,26.0,2002,HOU,500000
17246,Lance,Berkman,28.0,2004,HOU,6500000
17262,Lance,Berkman,30.0,2006,HOU,14500000
17278,Lance,Berkman,32.0,2008,HOU,14500000
17295,Lance,Berkman,35.0,2011,SLN,8000000
17306,Cliff,Floyd,29.0,2001,FLO,5500000
17323,Ryan,Klesko,30.0,2001,SDN,5750000
17337,Jon,Lieber,31.0,2001,CHN,5083333
17349,Matt,Morris,27.0,2001,SLN,1200000
17362,Matt,Morris,28.0,2002,SLN,4000000
17375,Phil,Nevin,30.0,2001,SDN,1625000
17388,Chan Ho,Park,28.0,2001,LAN,9900000
17396,Albert,Pujols,21.0,2001,SLN,200000
17413,Albert,Pujols,23.0,2003,SLN,900000
17429,Albert,Pujols,24.0,2004,SLN,7000000
17445,Albert,Pujols,25.0,2005,SLN,11000000
17461,Albert,Pujols,26.0,2006,SLN,14000000
17477,Albert,Pujols,27.0,2007,SLN,12937813
17493,Albert,Pujols,28.0,2008,SLN,13870949
17509,Albert,Pujols,29.0,2009,SLN,14427326
17525,Albert,Pujols,30.0,2010,SLN,14595953
17545,Albert,Pujols,35.0,2015,LAA,24000000
17546,Jimmy,Rollins,23.0,2001,PHI,200000
17562,Jimmy,Rollins,24.0,2002,PHI,355000
17580,Jimmy,Rollins,27.0,2005,PHI,3850000
17591,Ben,Sheets,23.0,2001,MIL,200000
17603,Ben,Sheets,26.0,2004,MIL,2425000
17615,Ben,Sheets,29.0,2007,MIL,11125000
17625,Ben,Sheets,30.0,2008,MIL,12125000
17628,Alfonso,Soriano,26.0,2002,NYA,630000
17643,Alfonso,Soriano,27.0,2003,NYA,800000
17658,Alfonso,Soriano,28.0,2004,TEX,5400000
17673,Alfonso,Soriano,29.0,2005,TEX,7500000
17688,Alfonso,Soriano,30.0,2006,WAS,10000000
17703,Alfonso,Soriano,31.0,2007,CHN,10000000
17718,Alfonso,Soriano,32.0,2008,CHN,14000000
17727,Shea,Hillenbrand,27.0,2002,BOS,260000
17738,Shea,Hillenbrand,30.0,2005,TOR,3870000
17744,Torii,Hunter,27.0,2002,MIN,2400000
17766,Torii,Hunter,32.0,2007,MIN,12000000
17785,Torii,Hunter,34.0,2009,LAA,18000000
17803,Torii,Hunter,35.0,2010,LAA,18500000
17823,Torii,Hunter,38.0,2013,DET,12000000
17834,Garret,Anderson,30.0,2002,ANA,5000000
17852,Garret,Anderson,31.0,2003,ANA,5350000
17871,Garret,Anderson,33.0,2005,LAA,9600000
17878,Mark,Buehrle,23.0,2002,CHA,310000
17895,Mark,Buehrle,26.0,2005,CHA,6000000
17910,Mark,Buehrle,27.0,2006,CHA,8000000
17927,Mark,Buehrle,30.0,2009,CHA,14000000
17954,Johnny,Damon,29.0,2002,BOS,7250000
17974,Johnny,Damon,32.0,2005,BOS,8250000
17984,Robert,Fick,28.0,2002,DET,1150000
17998,Eddie,Guardado,32.0,2002,MIN,1800000
18016,Eddie,Guardado,33.0,2003,MIN,2700000
18025,Roy,Halladay,25.0,2002,TOR,2583333
18040,Roy,Halladay,26.0,2003,TOR,3825000
18056,Roy,Halladay,28.0,2005,TOR,10500000
18071,Roy,Halladay,29.0,2006,TOR,12750000
18087,Roy,Halladay,31.0,2008,TOR,10000000
18102,Roy,Halladay,32.0,2009,TOR,14250000
18117,Roy,Halladay,33.0,2010,PHI,15750000
18132,Roy,Halladay,34.0,2011,PHI,20000000
18139,Paul,Konerko,26.0,2002,CHA,3800000
18159,Paul,Konerko,29.0,2005,CHA,8750000
18177,Paul,Konerko,30.0,2006,CHA,12000000
18198,Paul,Konerko,34.0,2010,CHA,12000000
18216,Paul,Konerko,35.0,2011,CHA,12000000
18234,Paul,Konerko,36.0,2012,CHA,12000000
18238,A. J.,Pierzynski,26.0,2002,MIN,250000
18257,A. J.,Pierzynski,30.0,2006,CHA,4000000
18272,Miguel,Tejada,28.0,2002,OAK,3625000
18290,Miguel,Tejada,30.0,2004,BAL,5000000
18307,Miguel,Tejada,31.0,2005,BAL,11000000
18324,Miguel,Tejada,32.0,2006,BAL,11811415
18342,Miguel,Tejada,34.0,2008,HOU,14811414
18359,Miguel,Tejada,35.0,2009,HOU,14811414
18366,Randy,Winn,28.0,2002,TBA,960000
18376,Barry,Zito,24.0,2002,OAK,295000
18390,Barry,Zito,25.0,2003,OAK,1000000
18406,Barry,Zito,28.0,2006,OAK,7900000
18420,Scott,Rolen,27.0,2002,PHI,8600000
18438,Scott,Rolen,28.0,2003,SLN,7625000
18456,Scott,Rolen,29.0,2004,SLN,8625000
18474,Scott,Rolen,30.0,2005,SLN,11625000
18492,Scott,Rolen,31.0,2006,SLN,12456336
18513,Scott,Rolen,35.0,2010,CIN,7666666
18531,Scott,Rolen,36.0,2011,CIN,8166666
18539,Luis,Castillo,27.0,2002,FLO,3325000
18555,Luis,Castillo,28.0,2003,FLO,4850000
18572,Luis,Castillo,30.0,2005,FLO,5166667
18578,Adam,Dunn,23.0,2002,CIN,250000
18601,Adam,Dunn,33.0,2012,CHA,14000000
18605,Eric,Gagne,26.0,2002,LAN,300000
18614,Eric,Gagne,27.0,2003,LAN,550000
18623,Eric,Gagne,28.0,2004,LAN,5000000
18637,Jose,Hernandez,33.0,2002,MIL,3333333
18644,Byung-Hyun,Kim,23.0,2002,ARI,762500
18653,Mike,Lowell,28.0,2002,FLO,2300000
18666,Mike,Lowell,29.0,2003,FLO,3700000
18679,Mike,Lowell,30.0,2004,FLO,6500000
18694,Mike,Lowell,33.0,2007,BOS,9000000
18703,Damian,Miller,33.0,2002,ARI,2650000
18710,Vicente,Padilla,25.0,2002,PHI,245000
18724,Odalis,Perez,24.0,2002,LAN,625000
18740,Mike,Remlinger,36.0,2002,ATL,2000000
18749,Richie,Sexson,28.0,2002,MIL,3125000
18761,Richie,Sexson,29.0,2003,MIL,5125000
18768,Junior,Spivey,27.0,2002,ARI,215000
18781,Mike,Williams,34.0,2002,PIT,2000000
18792,Mike,Williams,35.0,2003,PIT,3500000
18801,Esteban,Loaiza,32.0,2003,CHA,500000
18816,Esteban,Loaiza,33.0,2004,CHA,4000000
18821,Hideki,Matsui,29.0,2003,NYA,6000000
18831,Hideki,Matsui,30.0,2004,NYA,7000000
18840,Hank,Blalock,23.0,2003,TEX,302500
18849,Hank,Blalock,24.0,2004,TEX,550000
18855,Lance,Carter,29.0,2003,TBA,300000
18859,Brendan,Donnelly,32.0,2003,ANA,325000
18871,Keith,Foulke,31.0,2003,OAK,6000000
18882,Shigetoshi,Hasegawa,35.0,2003,SEA,1800000
18889,Ramon,Hernandez,27.0,2003,OAK,1887500
18901,Mike,MacDougal,26.0,2003,KCA,301000
18913,Melvin,Mora,31.0,2003,BAL,1725000
18927,Melvin,Mora,33.0,2005,BAL,3833333
18950,Jamie,Moyer,41.0,2003,SEA,6500000
18961,Mark,Mulder,26.0,2003,OAK,2650000
18970,Mark,Mulder,27.0,2004,OAK,4450000
18976,CC,Sabathia,23.0,2003,CLE,1100000
18991,CC,Sabathia,24.0,2004,CLE,2700000
19008,CC,Sabathia,27.0,2007,CLE,8750000
19025,CC,Sabathia,30.0,2010,NYA,24285714
19040,CC,Sabathia,31.0,2011,NYA,24285714
19055,CC,Sabathia,32.0,2012,NYA,23000000
19064,Jason,Varitek,31.0,2003,BOS,4700000
19080,Jason,Varitek,33.0,2005,BOS,8000000
19097,Jason,Varitek,36.0,2008,BOS,10442030
19103,Vernon,Wells,25.0,2003,TOR,520000
19119,Vernon,Wells,28.0,2006,TOR,4470000
19136,Vernon,Wells,32.0,2010,TOR,15687500
19147,Dmitri,Young,30.0,2003,DET,6750000
19165,Dmitri,Young,34.0,2007,WAS,500000
19176,Jason,Schmidt,30.0,2003,SFN,5937500
19192,Jason,Schmidt,31.0,2004,SFN,7937500
19209,Jason,Schmidt,33.0,2006,SFN,10500000
19222,Armando,Benitez,31.0,2003,NYN,6937500
19237,Armando,Benitez,32.0,2004,FLO,3500000
19246,Aaron,Boone,30.0,2003,CIN,3700000
19253,Shawn,Chacon,26.0,2003,COL,300000
19262,Rafael,Furcal,26.0,2003,ATL,2200000
19282,Rafael,Furcal,33.0,2010,LAN,9500000
19297,Rafael,Furcal,35.0,2012,SLN,6500000
19299,Marcus,Giles,25.0,2003,ATL,316500
19308,Geoff,Jenkins,29.0,2003,MIL,5187500
19317,Paul,Lo Duca,31.0,2003,LAN,2636667
19327,Paul,Lo Duca,32.0,2004,LAN,4066667
19337,Paul,Lo Duca,33.0,2005,FLO,4666667
19347,Paul,Lo Duca,34.0,2006,NYN,6599206
19355,Russ,Ortiz,29.0,2003,ATL,4662500
19361,Mark,Prior,23.0,2003,CHN,1450000
19376,Rondell,White,31.0,2003,SDN,5500000
19381,Dontrelle,Willis,21.0,2003,FLO,234426
19391,Dontrelle,Willis,23.0,2005,FLO,378500
19407,Woody,Williams,37.0,2003,SLN,6000000
19416,Preston,Wilson,29.0,2003,COL,6500000
19425,Randy,Wolf,27.0,2003,PHI,2375000
19440,Kerry,Wood,26.0,2003,CHN,6190000
19460,Kerry,Wood,31.0,2008,CHN,4200000
19470,Ronnie,Belliard,29.0,2004,CLE,1100000
19481,Francisco,Cordero,29.0,2004,TEX,2000000
19497,Francisco,Cordero,32.0,2007,MIL,5425000
19512,Francisco,Cordero,34.0,2009,CIN,12125000
19517,Carl,Crawford,23.0,2004,TBA,320000
19533,Carl,Crawford,26.0,2007,TBA,4125000
19548,Carl,Crawford,28.0,2009,TBA,8250000
19562,Carl,Crawford,29.0,2010,TBA,10000000
19573,Carlos,Guillen,29.0,2004,DET,2500000
19589,Carlos,Guillen,32.0,2007,DET,5000000
19603,Carlos,Guillen,33.0,2008,DET,12000000
19608,Ken,Harvey,26.0,2004,KCA,317500
19612,Ted,Lilly,28.0,2004,TOR,1900000
19630,Ted,Lilly,33.0,2009,CHN,13000000
19635,Victor,Martinez,26.0,2004,CLE,304500
19650,Victor,Martinez,29.0,2007,CLE,3200000
19664,Victor,Martinez,31.0,2009,CLE,5900000
19677,Victor,Martinez,32.0,2010,BOS,7700000
19693,Victor,Martinez,36.0,2014,DET,12000000
19698,Joe,Nathan,30.0,2004,MIN,440000
19714,Joe,Nathan,31.0,2005,MIN,2100000
19732,Joe,Nathan,34.0,2008,MIN,6000000
19748,Joe,Nathan,35.0,2009,MIN,11250000
19766,Joe,Nathan,38.0,2012,TEX,7000000
19782,Joe,Nathan,39.0,2013,TEX,8000000
19790,David,Ortiz,29.0,2004,BOS,4587500
19808,David,Ortiz,30.0,2005,BOS,5250000
19826,David,Ortiz,31.0,2006,BOS,6500000
19844,David,Ortiz,32.0,2007,BOS,13250000
19862,David,Ortiz,33.0,2008,BOS,13000000
19881,David,Ortiz,35.0,2010,BOS,13000000
19899,David,Ortiz,36.0,2011,BOS,12500000
19917,David,Ortiz,37.0,2012,BOS,14575000
19935,David,Ortiz,38.0,2013,BOS,14500000
19939,Francisco,Rodriguez,22.0,2004,ANA,375000
19954,Francisco,Rodriguez,25.0,2007,LAA,7000000
19967,Francisco,Rodriguez,26.0,2008,LAA,10000000
19980,Francisco,Rodriguez,27.0,2009,NYN,9166666
19996,Francisco,Rodriguez,32.0,2014,MIL,3250000
20009,Francisco,Rodriguez,33.0,2015,MIL,3500000
20016,Javier,Vazquez,28.0,2004,NYA,9000000
20026,Jake,Westbrook,27.0,2004,CLE,925000
20038,Michael,Young,28.0,2004,TEX,450000
20051,Michael,Young,29.0,2005,TEX,2575000
20064,Michael,Young,30.0,2006,TEX,3075000
20077,Michael,Young,31.0,2007,TEX,3575000
20090,Michael,Young,32.0,2008,TEX,6174974
20103,Michael,Young,33.0,2009,TEX,13054526
20117,Michael,Young,35.0,2011,TEX,16174974
20127,Bobby,Abreu,30.0,2004,PHI,10600000
20144,Bobby,Abreu,31.0,2005,PHI,13100000
20157,Carlos,Beltran,27.0,2004,KCA,9000000
20175,Carlos,Beltran,28.0,2005,NYN,11571429
20193,Carlos,Beltran,29.0,2006,NYN,13571428
20211,Carlos,Beltran,30.0,2007,NYN,13571429
20230,Carlos,Beltran,32.0,2009,NYN,19243682
20249,Carlos,Beltran,34.0,2011,NYN,19325436
20267,Carlos,Beltran,35.0,2012,SLN,13000000
20285,Carlos,Beltran,36.0,2013,SLN,13000000
20289,Miguel,Cabrera,21.0,2004,FLO,320000
20303,Miguel,Cabrera,22.0,2005,FLO,370000
20317,Miguel,Cabrera,23.0,2006,FLO,472000
20331,Miguel,Cabrera,24.0,2007,FLO,7400000
20347,Miguel,Cabrera,27.0,2010,DET,20000000
20361,Miguel,Cabrera,28.0,2011,DET,20000000
20375,Miguel,Cabrera,29.0,2012,DET,21000000
20389,Miguel,Cabrera,30.0,2013,DET,21000000
20403,Miguel,Cabrera,31.0,2014,DET,22000000
20417,Miguel,Cabrera,32.0,2015,DET,22000000
20418,Johnny,Estrada,28.0,2004,ATL,312500
20430,Livan,Hernandez,29.0,2004,MON,6000000
20445,Livan,Hernandez,30.0,2005,WAS,8000000
20454,Danny,Kolb,29.0,2004,MIL,1500000
20466,Mark,Loretta,33.0,2004,SDN,2500000
20483,Mark,Loretta,35.0,2006,BOS,3250000
20493,Carl,Pavano,28.0,2004,FLO,3800000
20505,Jack,Wilson,27.0,2004,PIT,1850000
20515,Carlos,Zambrano,23.0,2004,CHN,450000
20527,Carlos,Zambrano,25.0,2006,CHN,6500000
20539,Carlos,Zambrano,27.0,2008,CHN,16000000
20546,Mark,Teixeira,25.0,2005,TEX,3625000
20563,Mark,Teixeira,29.0,2009,NYA,20625000
20582,Mark,Teixeira,35.0,2015,NYA,23125000
20584,Brian,Roberts,28.0,2005,BAL,390000
20597,Brian,Roberts,30.0,2007,BAL,4200000
20608,Danys,Baez,28.0,2005,TBA,3750000
20621,Matt,Clement,31.0,2005,BOS,6500000
20626,Justin,Duchscherer,28.0,2005,OAK,329500
20637,Justin,Duchscherer,31.0,2008,OAK,1200000
20644,Jon,Garland,26.0,2005,CHA,3400000
20654,Scott,Podsednik,29.0,2005,CHA,700000
20665,B. J.,Ryan,30.0,2005,BAL,2600000
20677,B. J.,Ryan,31.0,2006,TOR,4000000
20685,Johan,Santana,26.0,2005,MIN,4750000
20698,Johan,Santana,27.0,2006,MIN,8750000
20711,Johan,Santana,28.0,2007,MIN,13000000
20725,Johan,Santana,30.0,2009,NYN,18876139
20737,Chris,Carpenter,30.0,2005,SLN,2000000
20753,Chris,Carpenter,31.0,2006,SLN,5000000
20772,Chris,Carpenter,35.0,2010,SLN,15840971
20781,Derrek,Lee,30.0,2005,CHN,7666667
20797,Derrek,Lee,32.0,2007,CHN,13250000
20808,Aramis,Ramirez,27.0,2005,CHN,8950000
20828,Aramis,Ramirez,30.0,2008,CHN,15000000
20851,Aramis,Ramirez,36.0,2014,MIL,16000000
20857,David,Eckstein,30.0,2005,SLN,2333333
20868,David,Eckstein,31.0,2006,SLN,3333333
20874,Jason,Bay,27.0,2005,PIT,355000
20885,Jason,Bay,28.0,2006,PIT,1000000
20898,Jason,Bay,31.0,2009,BOS,7800000
20904,Chad,Cordero,23.0,2005,WAS,346500
20911,Morgan,Ensberg,30.0,2005,HOU,450000
20917,Brian,Fuentes,30.0,2005,COL,328000
20928,Brian,Fuentes,31.0,2006,COL,2000000
20939,Brian,Fuentes,32.0,2007,COL,3500000
20951,Brian,Fuentes,34.0,2009,LAA,8500000
20958,Cesar,Izturis,25.0,2005,LAN,2150000
20972,Carlos,Lee,29.0,2005,MIL,8000000
20987,Carlos,Lee,30.0,2006,MIL,8500000
21002,Carlos,Lee,31.0,2007,HOU,11500000
21010,Brad,Lidge,29.0,2005,HOU,500000
21023,Brad,Lidge,32.0,2008,PHI,6350000
21030,Felipe,Lopez,25.0,2005,CIN,415000
21039,Roy,Oswalt,28.0,2005,HOU,5900000
21050,Roy,Oswalt,29.0,2006,HOU,11000000
21061,Roy,Oswalt,30.0,2007,HOU,13000000
21068,Jake,Peavy,24.0,2005,SDN,750000
21083,Jake,Peavy,26.0,2007,SDN,4750000
21101,Jake,Peavy,31.0,2012,CHA,17000000
21105,Robinson,Cano,24.0,2006,NYA,381000
21119,Robinson,Cano,28.0,2010,NYA,9000000
21130,Robinson,Cano,29.0,2011,NYA,10000000
21141,Robinson,Cano,30.0,2012,NYA,14000000
21152,Robinson,Cano,31.0,2013,NYA,15000000
21163,Robinson,Cano,32.0,2014,SEA,24000000
21168,Jose,Contreras,35.0,2006,CHA,9500000
21175,Bobby,Jenks,25.0,2006,CHA,340000
21183,Bobby,Jenks,26.0,2007,CHA,400000
21190,Scott,Kazmir,22.0,2006,TBA,371700
21201,Scott,Kazmir,24.0,2008,TBA,3785000
21214,Scott,Kazmir,30.0,2014,OAK,7000000
21216,Francisco,Liriano,23.0,2006,MIN,327000
21225,Jose,Lopez,23.0,2006,SEA,335000
21236,Gary,Matthews,32.0,2006,TEX,2387500
21243,Joe,Mauer,23.0,2006,MIN,400000
21257,Joe,Mauer,25.0,2008,MIN,6250000
21270,Joe,Mauer,26.0,2009,MIN,10500000
21283,Joe,Mauer,27.0,2010,MIN,12500000
21297,Joe,Mauer,29.0,2012,MIN,23000000
21310,Joe,Mauer,30.0,2013,MIN,23000000
21313,Jonathan,Papelbon,26.0,2006,BOS,335400
21324,Jonathan,Papelbon,27.0,2007,BOS,425500
21335,Jonathan,Papelbon,28.0,2008,BOS,775000
21346,Jonathan,Papelbon,29.0,2009,BOS,6250000
21359,Jonathan,Papelbon,32.0,2012,PHI,11000058
21372,Jonathan,Papelbon,35.0,2015,PHI,13000000
21379,Mark,Redman,32.0,2006,KCA,4500000
21383,Alex,Rios,25.0,2006,TOR,354000
21395,Alex,Rios,26.0,2007,TOR,2535000
21405,Grady,Sizemore,24.0,2006,CLE,500000
21416,Grady,Sizemore,25.0,2007,CLE,916667
21427,Grady,Sizemore,26.0,2008,CLE,3166666
21440,Brad,Penny,28.0,2006,LAN,5250000
21453,Brad,Penny,29.0,2007,LAN,7750000
21460,Chase,Utley,28.0,2006,PHI,500000
21473,Chase,Utley,29.0,2007,PHI,4785714
21486,Chase,Utley,30.0,2008,PHI,7785714
21499,Chase,Utley,31.0,2009,PHI,11285714
21512,Chase,Utley,32.0,2010,PHI,15285714
21528,Chase,Utley,36.0,2014,PHI,15000000
21531,David,Wright,24.0,2006,NYN,374000
21543,David,Wright,25.0,2007,NYN,1250000
21555,David,Wright,26.0,2008,NYN,5250000
21567,David,Wright,27.0,2009,NYN,7750000
21579,David,Wright,28.0,2010,NYN,10250000
21592,David,Wright,30.0,2012,NYN,15250000
21604,David,Wright,31.0,2013,NYN,10192071
21610,Bronson,Arroyo,29.0,2006,CIN,3000000
21621,Chris,Capuano,28.0,2006,MIL,450000
21630,Matt,Holliday,26.0,2006,COL,500000
21642,Matt,Holliday,27.0,2007,COL,4400000
21654,Matt,Holliday,28.0,2008,COL,9500000
21667,Matt,Holliday,30.0,2010,SLN,16333327
21679,Matt,Holliday,31.0,2011,SLN,16317774
21691,Matt,Holliday,32.0,2012,SLN,16292362
21705,Matt,Holliday,35.0,2015,SLN,17000000
21706,Ryan,Howard,27.0,2006,PHI,355000
21719,Ryan,Howard,30.0,2009,PHI,15000000
21730,Ryan,Howard,31.0,2010,PHI,19000000
21736,Brian,McCann,22.0,2006,ATL,333500
21747,Brian,McCann,23.0,2007,ATL,440000
21758,Brian,McCann,24.0,2008,ATL,966666
21769,Brian,McCann,25.0,2009,ATL,3700000
21780,Brian,McCann,26.0,2010,ATL,5700000
21791,Brian,McCann,27.0,2011,ATL,6700000
21803,Brian,McCann,29.0,2013,ATL,12000000
21808,Jose,Reyes,23.0,2006,NYN,401500
21821,Jose,Reyes,24.0,2007,NYN,2875000
21836,Jose,Reyes,27.0,2010,NYN,9375000
21849,Jose,Reyes,28.0,2011,NYN,11000000
21856,Freddy,Sanchez,29.0,2006,PIT,342000
21866,Freddy,Sanchez,30.0,2007,PIT,2750000
21877,Freddy,Sanchez,32.0,2009,PIT,6250000
21883,Derrick,Turnbow,28.0,2006,MIL,1000000
21886,Dan,Uggla,26.0,2006,FLO,327000
21898,Dan,Uggla,28.0,2008,FLO,417000
21912,Dan,Uggla,32.0,2012,ATL,13146942
21918,Brandon,Webb,27.0,2006,ARI,2500000
21927,Brandon,Webb,28.0,2007,ARI,4500000
21936,Brandon,Webb,29.0,2008,ARI,5500000
21942,Dan,Haren,27.0,2007,OAK,2250000
21954,Dan,Haren,28.0,2008,ARI,4050000
21966,Dan,Haren,29.0,2009,ARI,7500000
21981,Placido,Polanco,32.0,2007,DET,4600000
22000,Placido,Polanco,36.0,2011,PHI,5416666
22008,Josh,Beckett,27.0,2007,BOS,6666667
22023,Josh,Beckett,29.0,2009,BOS,11166666
22038,Josh,Beckett,31.0,2011,BOS,17000000
22046,John,Lackey,29.0,2007,LAA,5833333
22062,Gil,Meche,29.0,2007,KCA,7400000
22068,Justin,Morneau,26.0,2007,MIN,4500000
22080,Justin,Morneau,27.0,2008,MIN,8400000
22092,Justin,Morneau,28.0,2009,MIN,11600000
22104,Justin,Morneau,29.0,2010,MIN,15000000
22110,Hideki,Okajima,32.0,2007,BOS,1225000
22116,J. J.,Putz,30.0,2007,SEA,2700000
22125,Justin,Verlander,24.0,2007,DET,1030000
22137,Justin,Verlander,26.0,2009,DET,3675000
22148,Justin,Verlander,27.0,2010,DET,6850000
22159,Justin,Verlander,28.0,2011,DET,12850000
22170,Justin,Verlander,29.0,2012,DET,20100000
22181,Justin,Verlander,30.0,2013,DET,20100000
22184,Russell,Martin,24.0,2007,LAN,387500
22194,Russell,Martin,25.0,2008,LAN,500000
22206,Russell,Martin,28.0,2011,NYA,4000000
22219,Russell,Martin,32.0,2015,TOR,7000000
22221,Prince,Fielder,23.0,2007,MIL,415000
22233,Prince,Fielder,25.0,2009,MIL,7000000
22245,Prince,Fielder,27.0,2011,MIL,15500000
22256,Prince,Fielder,28.0,2012,DET,23000000
22267,Prince,Fielder,29.0,2013,DET,23000000
22279,Prince,Fielder,31.0,2015,TEX,24000000
22280,Cole,Hamels,24.0,2007,PHI,400000
22293,Cole,Hamels,28.0,2011,PHI,9500000
22303,Cole,Hamels,29.0,2012,PHI,15000000
22309,J. J.,Hardy,25.0,2007,MIL,400000
22326,J. J.,Hardy,31.0,2013,BAL,7416667
22333,Orlando,Hudson,30.0,2007,ARI,3900000
22345,Orlando,Hudson,32.0,2009,LAN,3364877
22354,Aaron,Rowand,30.0,2007,PHI,4350000
22359,Takashi,Saito,37.0,2007,LAN,1000000
22368,Jose,Valverde,29.0,2007,ARI,2000000
22381,Jose,Valverde,32.0,2010,DET,6886052
22392,Jose,Valverde,33.0,2011,DET,7000000
22397,Chris,Young,28.0,2007,SDN,600000
22409,Cliff,Lee,30.0,2008,CLE,4000000
22423,Cliff,Lee,32.0,2010,SEA,9000000
22436,Cliff,Lee,33.0,2011,PHI,11000000
22450,Cliff,Lee,35.0,2013,PHI,25000000
22455,Kevin,Youkilis,29.0,2008,BOS,3000000
22465,Kevin,Youkilis,30.0,2009,BOS,6250000
22476,Kevin,Youkilis,32.0,2011,BOS,12250000
22480,Dustin,Pedroia,25.0,2008,BOS,457000
22490,Dustin,Pedroia,26.0,2009,BOS,1750000
22500,Dustin,Pedroia,27.0,2010,BOS,3750000
22512,Dustin,Pedroia,30.0,2013,BOS,10250000
22516,Josh,Hamilton,27.0,2008,TEX,396830
22526,Josh,Hamilton,28.0,2009,TEX,555000
22536,Josh,Hamilton,29.0,2010,TEX,3250000
22546,Josh,Hamilton,30.0,2011,TEX,8750000
22556,Josh,Hamilton,31.0,2012,TEX,15250000
22567,Milton,Bradley,30.0,2008,TEX,5250000
22576,Joe,Crede,30.0,2008,CHA,5100000
22587,J. D.,Drew,33.0,2008,BOS,14000000
22593,Ian,Kinsler,26.0,2008,TEX,700000
22605,Ian,Kinsler,28.0,2010,TEX,4200000
22617,Ian,Kinsler,30.0,2012,TEX,7200000
22629,Ian,Kinsler,32.0,2014,DET,16000000
22638,Evan,Longoria,24.0,2009,TBA,550000
22646,Evan,Longoria,25.0,2010,TBA,950000
22654,Dioner,Navarro,24.0,2008,TBA,412500
22662,Carlos,Quentin,26.0,2008,CHA,400000
22673,Carlos,Quentin,29.0,2011,CHA,5050000
22679,Ervin,Santana,26.0,2008,LAA,420000
22688,Joe,Saunders,27.0,2008,LAA,425000
22696,George,Sherrill,31.0,2008,BAL,980000
22702,Joakim,Soria,24.0,2008,KCA,426500
22712,Joakim,Soria,26.0,2010,KCA,3000000
22717,Geovany,Soto,25.0,2008,CHN,401000
22727,Hanley,Ramirez,25.0,2008,FLO,439000
22738,Hanley,Ramirez,26.0,2009,FLO,5500000
22749,Hanley,Ramirez,27.0,2010,FLO,7000000
22755,Ryan,Braun,25.0,2008,MIL,455000
22764,Ryan,Braun,26.0,2009,MIL,1032500
22773,Ryan,Braun,27.0,2010,MIL,1287500
22782,Ryan,Braun,28.0,2011,MIL,4287500
22791,Ryan,Braun,29.0,2012,MIL,7111111
22802,Ryan,Braun,32.0,2015,MIL,13000000
22803,Kosuke,Fukudome,31.0,2008,CHN,7000000
22812,Aaron,Cook,29.0,2008,COL,5125000
22819,Adrian,Gonzalez,26.0,2008,SDN,875000
22831,Adrian,Gonzalez,27.0,2009,SDN,3125000
22843,Adrian,Gonzalez,28.0,2010,SDN,4875000
22855,Adrian,Gonzalez,29.0,2011,BOS,6300000
22870,Adrian,Gonzalez,33.0,2015,LAN,21857000
22873,Corey,Hart,26.0,2008,MIL,444000
22884,Corey,Hart,28.0,2010,MIL,4800000
22889,Tim,Lincecum,24.0,2008,SFN,405000
22898,Tim,Lincecum,25.0,2009,SFN,650000
22907,Tim,Lincecum,26.0,2010,SFN,9000000
22916,Tim,Lincecum,27.0,2011,SFN,14000000
22923,Ryan,Ludwick,30.0,2008,SLN,411000
22930,Carlos,Marmol,26.0,2008,CHN,430000
22939,Nate,McLouth,27.0,2008,PIT,425000
22946,Edinson,Volquez,25.0,2008,CIN,392500
22954,Brian,Wilson,26.0,2008,SFN,392500
22962,Brian,Wilson,28.0,2010,SFN,6500000
22969,Brian,Wilson,29.0,2011,SFN,6500000
22975,Aaron,Hill,27.0,2009,TOR,2590000
22982,Andrew,Bailey,25.0,2009,OAK,400000
22988,Andrew,Bailey,26.0,2010,OAK,435000
22995,Jason,Bartlett,30.0,2009,TBA,1981250
23001,Nelson,Cruz,29.0,2009,TEX,408070
23013,Nelson,Cruz,33.0,2013,TEX,10250000
23022,Nelson,Cruz,34.0,2014,BAL,8000000
23031,Nelson,Cruz,35.0,2015,SEA,14250000
23037,Chone,Figgins,31.0,2009,LAA,5775000
23044,Curtis,Granderson,28.0,2009,DET,3500000
23056,Curtis,Granderson,30.0,2011,NYA,8250000
23067,Curtis,Granderson,31.0,2012,NYA,10000000
23075,Zack,Greinke,26.0,2009,KCA,3750000
23091,Zack,Greinke,31.0,2014,LAN,26000000
23103,Zack,Greinke,32.0,2015,LAN,25000000
23107,Felix,Hernandez,23.0,2009,SEA,3800000
23119,Felix,Hernandez,25.0,2011,SEA,11700000
23130,Felix,Hernandez,26.0,2012,SEA,19700000
23141,Felix,Hernandez,27.0,2013,SEA,20557143
23152,Felix,Hernandez,28.0,2014,SEA,22857000
23163,Felix,Hernandez,29.0,2015,SEA,24857000
23171,Brandon,Inge,32.0,2009,DET,6300000
23178,Edwin,Jackson,26.0,2009,DET,2200000
23186,Adam,Jones,24.0,2009,BAL,435000
23197,Adam,Jones,27.0,2012,BAL,6150000
23206,Adam,Jones,28.0,2013,BAL,8833333
23215,Adam,Jones,29.0,2014,BAL,13000000
23224,Adam,Jones,30.0,2015,BAL,13333333
23231,Carlos,Pena,31.0,2009,TBA,8000000
23251,Tim,Wakefield,43.0,2009,BOS,4000000
23256,Ben,Zobrist,28.0,2009,TBA,415900
23269,Ben,Zobrist,32.0,2013,TBA,5687300
23276,Yadier,Molina,27.0,2009,SLN,3312500
23288,Yadier,Molina,28.0,2010,SLN,4312500
23300,Yadier,Molina,29.0,2011,SLN,5312500
23312,Yadier,Molina,30.0,2012,SLN,7000000
23324,Yadier,Molina,31.0,2013,SLN,14200000
23336,Yadier,Molina,32.0,2014,SLN,15000000
23348,Yadier,Molina,33.0,2015,SLN,15000000
23360,Raul,Ibanez,37.0,2009,PHI,7166666
23370,Shane,Victorino,29.0,2009,PHI,3125000
23383,Shane,Victorino,31.0,2011,PHI,7500000
23390,Heath,Bell,32.0,2009,SDN,1255000
23399,Heath,Bell,33.0,2010,SDN,4000000
23408,Heath,Bell,34.0,2011,SDN,7500000
23414,Chad,Billingsley,25.0,2009,LAN,475000
23422,Jonathan,Broxton,25.0,2009,LAN,1825000
23432,Jonathan,Broxton,26.0,2010,LAN,4000000
23441,Matt,Cain,25.0,2009,SFN,2900000
23453,Matt,Cain,27.0,2011,SFN,7333333
23464,Matt,Cain,28.0,2012,SFN,15333333
23471,Zach,Duke,26.0,2009,PIT,2200000
23485,Ryan,Franklin,36.0,2009,SLN,2500000
23491,Brad,Hawpe,30.0,2009,COL,5500000
23497,Josh,Johnson,25.0,2009,FLO,1400000
23506,Josh,Johnson,26.0,2010,FLO,3750000
23518,Jason,Marquis,31.0,2009,COL,9875000
23524,Hunter,Pence,26.0,2009,HOU,439000
23534,Hunter,Pence,28.0,2011,HOU,6900000
23545,Hunter,Pence,31.0,2014,SFN,16000000
23548,Justin,Upton,22.0,2009,ARI,412000
23558,Justin,Upton,24.0,2011,ARI,4458333
23570,Justin,Upton,28.0,2015,SDN,14500000
23577,Jayson,Werth,30.0,2009,PHI,2500000
23586,Ryan,Zimmerman,25.0,2009,WAS,3325000
23593,David,Price,25.0,2010,TBA,1834671
23600,David,Price,26.0,2011,TBA,2084671
23607,David,Price,27.0,2012,TBA,4350000
23615,David,Price,29.0,2014,TBA,14000000
23622,David,Price,30.0,2015,DET,19750000
23624,Elvis,Andrus,22.0,2010,TEX,418420
23633,Elvis,Andrus,24.0,2012,TEX,2625000
23641,Jose,Bautista,30.0,2010,TOR,2400000
23652,Jose,Bautista,31.0,2011,TOR,8000000
23663,Jose,Bautista,32.0,2012,TOR,14000000
23674,Jose,Bautista,33.0,2013,TOR,14000000
23685,Jose,Bautista,34.0,2014,TOR,14000000
23696,Jose,Bautista,35.0,2015,TOR,14000000
23709,Adrian,Beltre,31.0,2010,BOS,9000000
23728,Adrian,Beltre,32.0,2011,TEX,14000000
23747,Adrian,Beltre,33.0,2012,TEX,15000000
23767,Adrian,Beltre,35.0,2014,TEX,17000000
23770,Clay,Buchholz,26.0,2010,BOS,443000
23780,Clay,Buchholz,29.0,2013,BOS,5750000
23788,John,Buck,30.0,2010,TOR,2000000
23794,Trevor,Cahill,22.0,2010,OAK,410000
23803,Roberto,Hernandez,30.0,2010,CLE,5087500
23808,Neftali,Feliz,22.0,2010,TEX,402000
23815,Phil,Hughes,24.0,2010,NYA,447000
23824,Jon,Lester,26.0,2010,BOS,3750000
23834,Jon,Lester,27.0,2011,BOS,5750000
23846,Jon,Lester,30.0,2014,BOS,13000000
23854,Rafael,Soriano,31.0,2010,TBA,7250000
23864,Nick,Swisher,30.0,2010,NYA,6850000
23875,Matt,Thornton,34.0,2010,CHA,2250000
23884,Jered,Weaver,28.0,2010,LAA,4265000
23894,Jered,Weaver,29.0,2011,LAA,7365000
23904,Jered,Weaver,30.0,2012,LAA,14200000
23915,Ty,Wigginton,33.0,2010,BAL,3500000
23921,Ubaldo,Jimenez,26.0,2010,COL,1250000
23929,Martin,Prado,27.0,2010,ATL,440000
23938,Andre,Ethier,28.0,2010,LAN,5750000
23948,Andre,Ethier,29.0,2011,LAN,9500000
23956,Michael,Bourn,28.0,2010,HOU,2400000
23967,Michael,Bourn,30.0,2012,ATL,6845000
23976,Marlon,Byrd,33.0,2010,CHN,3000000
23985,Matt,Capps,27.0,2010,WAS,3500000
23990,Yovani,Gallardo,24.0,2010,MIL,450000
23996,Jason,Heyward,21.0,2010,ATL,400000
24009,Omar,Infante,29.0,2010,ATL,2225000
24019,Hung-Chih,Kuo,29.0,2010,LAN,950000
24022,Evan,Meek,27.0,2010,PIT,413500
24029,Brandon,Phillips,29.0,2010,CIN,6937500
24040,Brandon,Phillips,30.0,2011,CIN,11437500
24052,Brandon,Phillips,32.0,2013,CIN,10083333
24073,Arthur,Rhodes,41.0,2010,CIN,2000000
24078,Troy,Tulowitzki,26.0,2010,COL,3500000
24088,Troy,Tulowitzki,27.0,2011,COL,5500000
24099,Troy,Tulowitzki,29.0,2013,COL,10000000
24109,Troy,Tulowitzki,30.0,2014,COL,16000000
24119,Troy,Tulowitzki,31.0,2015,COL,20000000
24122,Joey,Votto,27.0,2010,CIN,525000
24131,Joey,Votto,28.0,2011,CIN,7410655
24140,Joey,Votto,29.0,2012,CIN,11410655
24149,Joey,Votto,30.0,2013,CIN,18910655
24156,Adam,Wainwright,29.0,2010,SLN,4837500
24169,Adam,Wainwright,32.0,2013,SLN,12000000
24180,Adam,Wainwright,33.0,2014,SLN,19500000
24185,Chris,Young,27.0,2010,ARI,3450000
24192,Alex,Avila,24.0,2011,DET,425000
24200,Asdrubal,Cabrera,26.0,2011,CLE,2025000
24209,Asdrubal,Cabrera,27.0,2012,CLE,4550000
24213,Aaron,Crow,25.0,2011,KCA,1400000
24225,Michael,Cuddyer,32.0,2011,MIN,10500000
24240,Michael,Cuddyer,34.0,2013,COL,10500000
24246,Jacoby,Ellsbury,28.0,2011,BOS,2400000
24252,Gio,Gonzalez,26.0,2011,OAK,420000
24259,Gio,Gonzalez,27.0,2012,WAS,3350000
24265,Matthew,Joyce,27.0,2011,TBA,426500
24274,Howie,Kendrick,28.0,2011,LAA,3300000
24283,Brandon,League,28.0,2011,SEA,2250000
24287,Alexi,Ogando,28.0,2011,TEX,430150
24298,Jhonny,Peralta,29.0,2011,DET,5250000
24311,Jhonny,Peralta,31.0,2013,DET,6000000
24324,Jhonny,Peralta,33.0,2015,SLN,15000000
24326,Chris,Perez,26.0,2011,CLE,2225000
24332,Chris,Perez,27.0,2012,CLE,4500000
24335,Michael,Pineda,22.0,2011,SEA,414000
24339,David,Robertson,26.0,2011,NYA,460450
24346,Ricky,Romero,27.0,2011,TOR,1000000
24353,James,Shields,30.0,2011,TBA,4250000
24358,Jordan,Walden,24.0,2011,LAA,414000
24364,Matt,Wieters,25.0,2011,BAL,452250
24371,Matt,Wieters,26.0,2012,BAL,500000
24379,Matt,Wieters,28.0,2014,BAL,7700000
24386,C. J.,Wilson,31.0,2011,TEX,7000000
24397,C. J.,Wilson,32.0,2012,LAA,10500000
24406,Rickie,Weeks,29.0,2011,MIL,4500000
24415,Matt,Kemp,27.0,2011,LAN,7100000
24425,Matt,Kemp,28.0,2012,LAN,10250000
24431,Jay,Bruce,24.0,2011,CIN,2791666
24439,Jay,Bruce,25.0,2012,CIN,5041666
24443,Starlin,Castro,21.0,2011,CHN,440000
24449,Starlin,Castro,22.0,2012,CHN,567000
24456,Starlin,Castro,24.0,2014,CHN,5000000
24459,Tyler,Clippard,26.0,2011,WAS,443000
24468,Tyler,Clippard,29.0,2014,WAS,5875000
24474,Kevin,Correia,31.0,2011,PIT,4000000
24481,Joel,Hanrahan,30.0,2011,PIT,1400000
24488,Joel,Hanrahan,31.0,2012,PIT,4100000
24493,Jair,Jurrjens,25.0,2011,ATL,3250000
24497,Clayton,Kershaw,23.0,2011,LAN,500000
24505,Clayton,Kershaw,24.0,2012,LAN,7750000
24513,Clayton,Kershaw,25.0,2013,LAN,11750000
24521,Clayton,Kershaw,26.0,2014,LAN,4000000
24529,Clayton,Kershaw,27.0,2015,LAN,32571000
24530,Craig,Kimbrel,23.0,2011,ATL,419000
24536,Craig,Kimbrel,24.0,2012,ATL,590000
24542,Craig,Kimbrel,25.0,2013,ATL,655000
24548,Craig,Kimbrel,26.0,2014,ATL,7000000
24551,Andrew,McCutchen,25.0,2011,PIT,452500
24558,Andrew,McCutchen,26.0,2012,PIT,708333
24565,Andrew,McCutchen,27.0,2013,PIT,4708333
24572,Andrew,McCutchen,28.0,2014,PIT,7250000
24579,Andrew,McCutchen,29.0,2015,PIT,10000000
24584,Miguel,Montero,28.0,2011,ARI,3200000
24596,Miguel,Montero,31.0,2014,ARI,10000000
24599,Gaby,Sanchez,28.0,2011,FLO,431000
24605,Pablo,Sandoval,25.0,2011,SFN,500000
24613,Pablo,Sandoval,26.0,2012,SFN,3200000
24617,Jonny,Venters,26.0,2011,ATL,429500
24632,Mike,Napoli,31.0,2012,TEX,9400000
24640,Billy,Butler,26.0,2012,KCA,8500000
24644,Ryan,Cook,25.0,2012,OAK,480000
24648,Yu,Darvish,26.0,2012,TEX,5500000
24652,Yu,Darvish,27.0,2013,TEX,9500000
24656,Yu,Darvish,28.0,2014,TEX,10000000
24660,Matt,Harrison,27.0,2012,TEX,2950000
24665,Jim,Johnson,29.0,2012,BAL,2625000
24677,Fernando,Rodney,35.0,2012,TBA,1750000
24691,Fernando,Rodney,37.0,2014,SEA,7000000
24694,Chris,Sale,23.0,2012,CHA,500000
24700,Chris,Sale,24.0,2013,CHA,850000
24706,Chris,Sale,25.0,2014,CHA,3500000
24712,Chris,Sale,26.0,2015,CHA,6000000
24716,Mike,Trout,22.0,2013,LAA,510000
24720,Mike,Trout,23.0,2014,LAA,1000000
24724,Mike,Trout,24.0,2015,LAA,6083000
24726,Mark,Trumbo,26.0,2012,LAA,500000
24732,Carlos,Gonzalez,27.0,2012,COL,5428571
24739,Carlos,Gonzalez,28.0,2013,COL,7928571
24743,Buster,Posey,25.0,2012,SFN,615000
24749,Buster,Posey,26.0,2013,SFN,8000000
24756,Buster,Posey,28.0,2015,SFN,16500000
24762,Melky,Cabrera,28.0,2012,SFN,6000000
24766,Jose,Altuve,22.0,2012,HOU,483000
24772,Jose,Altuve,24.0,2014,HOU,1250000
24777,Jose,Altuve,25.0,2015,HOU,2500000
24779,Aroldis,Chapman,24.0,2012,CIN,4835772
24785,Aroldis,Chapman,25.0,2013,CIN,4835772
24791,Aroldis,Chapman,26.0,2014,CIN,5000000
24797,Aroldis,Chapman,27.0,2015,CIN,8050000
24800,Ian,Desmond,27.0,2012,WAS,512500
24809,R. A.,Dickey,38.0,2012,NYN,4750000
24816,David,Freese,29.0,2012,SLN,508000
24823,Bryce,Harper,21.0,2013,WAS,2000000
24828,Bryce,Harper,23.0,2015,WAS,2500000
24829,Bryan,LaHair,30.0,2012,CHN,482500
24830,Lance,Lynn,25.0,2012,SLN,482000
24834,Wade,Miley,26.0,2012,ARI,481000
24843,Carlos,Ruiz,33.0,2012,PHI,3700000
24848,Giancarlo,Stanton,23.0,2012,MIA,480000
24855,Giancarlo,Stanton,25.0,2014,MIA,6500000
24861,Giancarlo,Stanton,26.0,2015,MIA,6500000
24863,Stephen,Strasburg,24.0,2012,WAS,4875000
24874,Huston,Street,29.0,2012,SDN,7500000
24887,Huston,Street,31.0,2014,SDN,7000000
24893,Max,Scherzer,29.0,2013,DET,6725000
24901,Max,Scherzer,30.0,2014,DET,15525000
24909,Max,Scherzer,31.0,2015,WAS,17142000
24913,Chris,Davis,27.0,2013,BAL,3300000
24922,Grant,Balfour,36.0,2013,OAK,4500000
24926,Jason,Castro,26.0,2013,HOU,496600
24930,Brett,Cecil,27.0,2013,TOR,510000
24941,Jesse,Crain,32.0,2013,CHA,4500000
24943,Steve,Delabar,30.0,2013,TOR,498900
24952,Edwin,Encarnacion,30.0,2013,TOR,8000000
24963,Edwin,Encarnacion,31.0,2014,TOR,9000000
24971,Alex,Gordon,29.0,2013,KCA,9000000
24981,Alex,Gordon,30.0,2014,KCA,10000000
24991,Alex,Gordon,31.0,2015,KCA,12500000
24993,Greg,Holland,28.0,2013,KCA,539500
24998,Greg,Holland,29.0,2014,KCA,4675000
25001,Hisashi,Iwakuma,32.0,2013,SEA,6500000
25005,Jason,Kipnis,26.0,2013,CLE,509400
25011,Jason,Kipnis,28.0,2015,CLE,4166666
25012,Manny,Machado,21.0,2013,BAL,495000
25017,Manny,Machado,23.0,2015,BAL,548000
25022,Justin,Masterson,28.0,2013,CLE,5687500
25026,Matt,Moore,24.0,2013,TBA,1100000
25029,Salvador,Perez,23.0,2013,KCA,1000000
25034,Salvador,Perez,24.0,2014,KCA,1500000
25039,Salvador,Perez,25.0,2015,KCA,1750000
25043,Glen,Perkins,30.0,2013,MIN,2500000
25050,Glen,Perkins,31.0,2014,MIN,4025000
25057,Glen,Perkins,32.0,2015,MIN,4650000
25059,Chris,Tillman,25.0,2013,BAL,508500
25062,Matt,Harvey,24.0,2013,NYN,498750
25066,Pedro,Alvarez,26.0,2013,PIT,700000
25070,Domonic,Brown,26.0,2013,PHI,500000
25075,Madison,Bumgarner,24.0,2013,SFN,916667
25081,Madison,Bumgarner,25.0,2014,SFN,3750000
25087,Madison,Bumgarner,26.0,2015,SFN,6750000
25090,Everth,Cabrera,27.0,2013,SDN,1275000
25094,Matt,Carpenter,28.0,2013,SLN,504000
25097,Patrick,Corbin,24.0,2013,ARI,494000
25102,Allen,Craig,29.0,2013,SLN,1750000
25109,Freddie,Freeman,24.0,2013,ATL,560000
25115,Freddie,Freeman,25.0,2014,ATL,5125000
25118,Paul,Goldschmidt,26.0,2013,ARI,500000
25123,Paul,Goldschmidt,27.0,2014,ARI,1100000
25128,Paul,Goldschmidt,28.0,2015,ARI,3100000
25134,Carlos,Gomez,28.0,2013,MIL,4300000
25143,Carlos,Gomez,29.0,2014,MIL,7000000
25151,Jason,Grilli,37.0,2013,PIT,2500000
25154,Jeff,Locke,26.0,2013,PIT,497500
25159,Mark,Melancon,28.0,2013,PIT,521000
25166,Mark,Melancon,30.0,2015,PIT,5400000
25171,Edward,Mujica,29.0,2013,SLN,3200000
25178,Sergio,Romo,30.0,2013,SFN,3500000
25190,Marco,Scutaro,38.0,2013,SFN,6666667
25192,Jean,Segura,23.0,2013,MIL,492000
25196,Travis,Wood,26.0,2013,CHN,527500
25201,Jordan,Zimmermann,27.0,2013,WAS,5350000
25207,Jordan,Zimmermann,28.0,2014,WAS,7500000
25211,Josh,Donaldson,29.0,2014,OAK,500000
25216,Josh,Donaldson,30.0,2015,TOR,4300000
25217,Jose,Abreu,27.0,2014,CHA,7000000
25226,Erick,Aybar,30.0,2014,LAA,8500000
25228,Dellin,Betances,26.0,2014,NYA,502100
25231,Dellin,Betances,27.0,2015,NYA,507500
25236,Michael,Brantley,27.0,2014,CLE,1500000
25240,Yoenis,Cespedes,29.0,2014,OAK,10500000
25243,Sean,Doolittle,28.0,2014,OAK,630000
25247,Brandon,Moss,31.0,2014,OAK,4100000
25250,Derek,Norris,25.0,2014,OAK,505000
25258,Alexei,Ramirez,33.0,2014,CHA,9500000
25262,Kyle,Seager,27.0,2014,SEA,540100
25270,Kurt,Suzuki,31.0,2014,MIN,2750000
25272,Masahiro,Tanaka,26.0,2014,NYA,22000000
25279,Koji,Uehara,39.0,2014,BOS,5000000
25284,Alfredo,Simon,33.0,2014,CIN,1500000
25287,Yasiel,Puig,24.0,2014,LAN,3714000
25290,Julio,Teheran,23.0,2014,ATL,800000
25295,Jonathan,Lucroy,28.0,2014,MIL,2000000
25299,Henderson,Alvarez,24.0,2014,MIA,525400
25302,Charlie,Blackmon,28.0,2014,COL,501000
25310,Johnny,Cueto,28.0,2014,CIN,10000000
25313,Todd,Frazier,28.0,2014,CIN,600000
25317,Todd,Frazier,29.0,2015,CIN,4500000
25319,Dee,Gordon,26.0,2014,LAN,515000
25323,Dee,Gordon,27.0,2015,MIA,2500000
25326,Josh,Harrison,27.0,2014,PIT,513000
25330,Devin,Mesoraco,26.0,2014,CIN,525000
25337,Daniel,Murphy,29.0,2014,NYN,5700000
25345,Pat,Neshek,34.0,2014,SLN,1000000
25348,Anthony,Rizzo,25.0,2014,CHN,1250000
25352,Anthony,Rizzo,26.0,2015,CHN,5000000
25355,Tyson,Ross,27.0,2014,SDN,1980000
25364,Tony,Watson,29.0,2014,PIT,518500
25367,Dallas,Keuchel,27.0,2015,HOU,524500
25370,Stephen,Vogt,31.0,2015,OAK,512500
25373,Zach,Britton,28.0,2015,BAL,3200000
25375,Chris,Archer,27.0,2015,TBA,1166667
25376,Brock,Holt,27.0,2015,BOS,530500
25382,Alcides,Escobar,29.0,2015,KCA,3000000
25386,Lorenzo,Cain,29.0,2015,KCA,2725000
25390,Mike,Moustakas,27.0,2015,KCA,2640000
25396,Wade,Davis,30.0,2015,KCA,7000000
25398,J. D.,Martinez,28.0,2015,DET,3000000
25400,Jose,Iglesias,25.0,2015,DET,1443750
25403,Brian,Dozier,28.0,2015,MIN,2000000
25410,Brett,Gardner,32.0,2015,NYA,12500000
25413,A. J.,Pollock,28.0,2015,ARI,519500
25414,Joc,Pederson,23.0,2015,LAN,510000
25417,Yasmani,Grandal,27.0,2015,LAN,693000
25421,Brandon,Crawford,28.0,2015,SFN,3175000
25422,Joe,Panik,25.0,2015,SFN,522500
25423,Jacob,deGrom,27.0,2015,NYN,556875
25425,Gerrit,Cole,25.0,2015,PIT,531000
25427,DJ,LeMahieu,27.0,2015,COL,517500
25429,Nolan,Arenado,24.0,2015,COL,512500
25433,Hector,Santiago,28.0,2015,LAA,2290000
25435,Sonny,Gray,26.0,2015,OAK,512500
25438,Shelby,Miller,25.0,2015,ATL,535000
25440,Carlos,Martinez,24.0,2015,SLN,520000
25442,Michael,Wacha,24.0,2015,SLN,520000
25445,Trevor,Rosenthal,25.0,2015,SLN,535000
25453,Darren,O'Day,33.0,2015,BAL,4250000
25470,A. J.,Burnett,38.0,2015,PIT,8500000
25471,Brad,Boxberger,27.0,2015,TBA,521400
25475,Kelvin,Herrera,26.0,2015,KCA,1600000
